Alabama,Arizona,0.20296854906975803
Alabama,Arkansas,0.43345405173142626
Alabama,Auburn,0.43985430998981423
Alabama,Bucknell,0.69622774145276356
Alabama,Buffalo,0.6181884269790594
Alabama,Butler,0.48790319239877133
Alabama,Cincinnati,0.24460677272703657
Alabama,Clemson,0.44751729164616227
Alabama,Col Charleston,0.68912423716866555
Alabama,Creighton,0.42061229894776275
Alabama,CS Fullerton,0.85932579051732538
Alabama,Davidson,0.47915350981660632
Alabama,Duke,0.25264835130964725
Alabama,Florida,0.38348809045568499
Alabama,Florida St,0.3891275805087796
Alabama,Georgia St,0.78609551426568658
Alabama,Gonzaga,0.26812136490598415
Alabama,Houston,0.51574166278020794
Alabama,Iona,0.79626218847356023
Alabama,Kansas,0.18081234352077913
Alabama,Kansas St,0.39023425071269102
Alabama,Kentucky,0.25248587992421356
Alabama,Lipscomb,0.80092191288702119
Alabama,Loyola-Chicago,0.56291301839367813
Alabama,Marshall,0.71382057484843664
Alabama,Miami FL,0.41234905483600792
Alabama,Michigan,0.2068853566255715
Alabama,Michigan St,0.29624922318667313
Alabama,Missouri,0.54453374788206632
Alabama,Montana,0.73961292831605463
Alabama,Murray St,0.68656419408227176
Alabama,NC State,0.47439859428153341
Alabama,Nevada,0.54473423387200814
Alabama,New Mexico St,0.58595201931827567
Alabama,North Carolina,0.33595016514532539
Alabama,Ohio St,0.4510289198980254
Alabama,Oklahoma,0.4919171031684314
Alabama,Penn,0.78388791086365295
Alabama,Providence,0.41319781279246703
Alabama,Purdue,0.27991903799240647
Alabama,Radford,0.89159706335164812
Alabama,Rhode Island,0.55798537981192897
Alabama,S Dakota St,0.6420512834827794
Alabama,San Diego St,0.50957957797203079
Alabama,Seton Hall,0.4245360969539449
Alabama,SF Austin,0.742882988131355
Alabama,St Bonaventure,0.54211915102634867
Alabama,Syracuse,0.43590664956228808
Alabama,TCU,0.44085705567581968
Alabama,Tennessee,0.34990616987150147
Alabama,Texas,0.46235025605628366
Alabama,Texas A&M,0.4712993181962587
Alabama,Texas Tech,0.38595119036612802
Alabama,TX Southern,0.92795492694622406
Alabama,UMBC,0.84757568987292986
Alabama,UNC Greensboro,0.70644300120806203
Alabama,Villanova,0.15315604056809462
Alabama,Virginia,0.16262350429042882
Alabama,Virginia Tech,0.39688856707597009
Alabama,West Virginia,0.2720429334339789
Alabama,Wichita St,0.42005926158825035
Alabama,Wright St,0.79942499110678511
Alabama,Xavier,0.28344092932134402
Arizona,Arkansas,0.75272407165155686
Arizona,Auburn,0.75753510216690834
Arizona,Bucknell,0.90117642239196205
Arizona,Buffalo,0.86562674188798772
Arizona,Butler,0.79126535988989444
Arizona,Cincinnati,0.56300819617049969
Arizona,Clemson,0.76319188602236743
Arizona,Col Charleston,0.89816450212701371
Arizona,Creighton,0.74282542547304387
Arizona,CS Fullerton,0.96048157387182131
Arizona,Davidson,0.78541932148326299
Arizona,Duke,0.57356934043229491
Arizona,Florida,0.71222136325291707
Arizona,Florida St,0.71707232514804897
Arizona,Georgia St,0.93598697585269319
Arizona,Gonzaga,0.59309897347801011
Arizona,Houston,0.80906616523780528
Arizona,Iona,0.93957705205984698
Arizona,Kansas,0.46757377745125384
Arizona,Kansas St,0.71801541161237592
Arizona,Kentucky,0.57335882220089873
Arizona,Lipscomb,0.94120103973069358
Arizona,Loyola-Chicago,0.83671128526494587
Arizona,Marshall,0.9084603423323202
Arizona,Miami FL,0.73627627238457416
Arizona,Michigan,0.50928975735304727
Arizona,Michigan St,0.62615181528147379
Arizona,Missouri,0.82629229880798472
Arizona,Montana,0.91870824445093413
Arizona,Murray St,0.89706877051962919
Arizona,NC State,0.78218939817368105
Arizona,Nevada,0.82640829851681297
Arizona,New Mexico St,0.84918489484136384
Arizona,North Carolina,0.6680928525158677
Arizona,Ohio St,0.7657473368507286
Arizona,Oklahoma,0.79390586651431438
Arizona,Penn,0.93519880660721955
Arizona,Providence,0.73695562765784395
Arizona,Purdue,0.60733007190877641
Arizona,Radford,0.97034800616869288
Arizona,Rhode Island,0.83395991207424858
Arizona,S Dakota St,0.87709943299968363
Arizona,San Diego St,0.80522697387657771
Arizona,Seton Hall,0.74588543588768341
Arizona,SF Austin,0.91997250683743936
Arizona,St Bonaventure,0.82489106904816589
Arizona,Syracuse,0.75457710473264472
Arizona,TCU,0.75828167372631339
Arizona,Tennessee,0.68168248062024928
Arizona,Texas,0.77383287310902971
Arizona,Texas A&M,0.78006362961136166
Arizona,Texas Tech,0.71434939157272492
Arizona,TX Southern,0.98086015302712437
Arizona,UMBC,0.95675551916070911
Arizona,UNC Greensboro,0.9054357632264749
Arizona,Villanova,0.41846135180536537
Arizona,Virginia,0.43588743876245173
Arizona,Virginia Tech,0.72362603849731189
Arizona,West Virginia,0.59789072057571524
Arizona,Wichita St,0.74239157936984679
Arizona,Wright St,0.94068079241207314
Arizona,Xavier,0.61147328422629066
Arkansas,Auburn,0.51563086687882431
Arkansas,Bucknell,0.75652029163208645
Arkansas,Buffalo,0.68700692060370339
Arkansas,Butler,0.56362828437966606
Arkansas,Cincinnati,0.30506587224961268
Arkansas,Clemson,0.52338049675739029
Arkansas,Col Charleston,0.75032107334784781
Arkansas,Creighton,0.4960092962070678
Arkansas,CS Fullerton,0.89225634869481918
Arkansas,Davidson,0.554992353676794
Arkansas,Duke,0.31426815931559759
Arkansas,Florida,0.45748494097852466
Arkansas,Florida St,0.46339469226014685
Arkansas,Georgia St,0.83283384757564538
Arkansas,Gonzaga,0.33183932848984177
Arkansas,Houston,0.59080269575034616
Arkansas,Iona,0.84122776839437752
Arkansas,Kansas,0.23031094650905481
Arkansas,Kansas St,0.46455195393361415
Arkansas,Kentucky,0.31408271516308406
Arkansas,Lipscomb,0.8450591913619353
Arkansas,Loyola-Chicago,0.63582529046735714
Arkansas,Marshall,0.77176597940328073
Arkansas,Miami FL,0.48751116562407848
Arkansas,Michigan,0.2612453664857245
Arkansas,Michigan St,0.36333322518643785
Arkansas,Missouri,0.61843373009221381
Arkansas,Montana,0.79384418220139608
Arkansas,Murray St,0.7480807555359279
Arkansas,NC State,0.55027996777835297
Arkansas,Nevada,0.61862446941106708
Arkansas,New Mexico St,0.65736039749609954
Arkansas,North Carolina,0.40682721505552211
Arkansas,Ohio St,0.52691966879952123
Arkansas,Oklahoma,0.56757470478284344
Arkansas,Penn,0.83100490895125134
Arkansas,Providence,0.48838605686779246
Arkansas,Purdue,0.34511859604995621
Arkansas,Radford,0.91769674442587656
Arkansas,Rhode Island,0.63118107981546723
Arkansas,S Dakota St,0.70859615028086886
Arkansas,San Diego St,0.5848268603745812
Arkansas,Seton Hall,0.50002943310215664
Arkansas,SF Austin,0.79662045998441988
Arkansas,St Bonaventure,0.61613472812619174
Arkansas,Syracuse,0.51162429522240616
Arkansas,TCU,0.51664702759711933
Arkansas,Tennessee,0.4218570913285814
Arkansas,Texas,0.53827810983744784
Arkansas,Texas A&M,0.54720106410361824
Arkansas,Texas Tech,0.46006864407607606
Arkansas,TX Southern,0.94583270641392103
Arkansas,UMBC,0.88288196028594668
Arkansas,UNC Greensboro,0.76539124797906555
Arkansas,Villanova,0.19690336464740721
Arkansas,Virginia,0.20840957795473602
Arkansas,Virginia Tech,0.47149364060855603
Arkansas,West Virginia,0.33626465603608402
Arkansas,Wichita St,0.49544189547973894
Arkansas,Wright St,0.84382943687047773
Arkansas,Xavier,0.34906315753919304
Auburn,Bucknell,0.74165823825438637
Auburn,Buffalo,0.66975401371256194
Auburn,Butler,0.5440876925172129
Auburn,Cincinnati,0.28856167127656784
Auburn,Clemson,0.50362485318272765
Auburn,Col Charleston,0.73521306134446807
Auburn,Creighton,0.47625444396503613
Auburn,CS Fullerton,0.88441376072091615
Auburn,Davidson,0.5353838280286678
Auburn,Duke,0.29747922332917887
Auburn,Florida,0.43793119803104119
Auburn,Florida St,0.44379498550755203
Auburn,Georgia St,0.82153108599526825
Auburn,Gonzaga,0.3145422741332361
Auburn,Houston,0.57155395956025212
Auburn,Iona,0.83037696089923818
Auburn,Kansas,0.21659053899098857
Auburn,Kansas St,0.44494388611383118
Auburn,Kentucky,0.2972993909112619
Auburn,Lipscomb,0.83441869076258413
Auburn,Loyola-Chicago,0.61732262919118042
Auburn,Marshall,0.75753627000920265
Auburn,Miami FL,0.46778063062010122
Auburn,Michigan,0.24627173935604463
Auburn,Michigan St,0.34524278967784539
Auburn,Missouri,0.59960388978887247
Auburn,Montana,0.78059966371625844
Auburn,Murray St,0.73288544223433494
Auburn,NC State,0.53063940407290444
Auburn,Nevada,0.59979795066325003
Auburn,New Mexico St,0.63933122910723839
Auburn,North Carolina,0.38789058585907665
Auburn,Ohio St,0.5071725888685481
Auburn,Oklahoma,0.54806913442711513
Auburn,Penn,0.81960527119723237
Auburn,Providence,0.46865249314988078
Auburn,Purdue,0.32746860279154022
Auburn,Radford,0.91152231913431947
Auburn,Rhode Island,0.61258623141593582
Auburn,S Dakota St,0.69199976715505263
Auburn,San Diego St,0.56550375337471825
Auburn,Seton Hall,0.48026704411252796
Auburn,SF Austin,0.78350566160159463
Auburn,St Bonaventure,0.59726531736624233
Auburn,Syracuse,0.49185446726985038
Auburn,TCU,0.49688057955849851
Auburn,Tennessee,0.40269581061824389
Auburn,Texas,0.51857196292993524
Auburn,Texas A&M,0.52754148421098845
Auburn,Texas Tech,0.44049413415727201
Auburn,TX Southern,0.94163480862543669
Auburn,UMBC,0.87445302926158208
Auburn,UNC Greensboro,0.75089237902369199
Auburn,Villanova,0.18469558875492442
Auburn,Virginia,0.19566223254020554
Auburn,Virginia Tech,0.45183982214851526
Auburn,West Virginia,0.31884700804623767
Auburn,Wichita St,0.47568831227523778
Auburn,Wright St,0.83312116077061882
Auburn,Xavier,0.33131349124126852
Bucknell,Buffalo,0.42162612247882125
Bucknell,Butler,0.30019608178990931
Bucknell,Cincinnati,0.12724348336442282
Bucknell,Clemson,0.26723931464017725
Bucknell,Col Charleston,0.49951514433636557
Bucknell,Creighton,0.24634012092694058
Bucknell,CS Fullerton,0.73335932625533307
Bucknell,Davidson,0.29288734153486151
Bucknell,Duke,0.13210142575396089
Bucknell,Florida,0.21878913203709027
Bucknell,Florida St,0.22288221014931719
Bucknell,Georgia St,0.62330052853602425
Bucknell,Gonzaga,0.14159044693883704
Bucknell,Houston,0.32410281631095916
Bucknell,Iona,0.63763798502797209
Bucknell,Kansas,0.090395030986059499
Bucknell,Kansas St,0.22368921139387388
Bucknell,Kentucky,0.1320027826220761
Bucknell,Lipscomb,0.64430501794252182
Bucknell,Loyola-Chicago,0.36703109271286205
Bucknell,Marshall,0.52897874298006586
Bucknell,Miami FL,0.24008189673272229
Bucknell,Michigan,0.10510273622789101
Bucknell,Michigan St,0.15933412814191927
Bucknell,Missouri,0.34992717323166733
Bucknell,Montana,0.56118927834676646
Bucknell,Murray St,0.49653443537067998
Bucknell,NC State,0.2889553817199545
Bucknell,Nevada,0.35011108563998461
Bucknell,New Mexico St,0.38919159204533882
Bucknell,North Carolina,0.18552380393578116
Bucknell,Ohio St,0.27002772035993805
Bucknell,Oklahoma,0.30358120888180096
Bucknell,Penn,0.62022449461409301
Bucknell,Providence,0.24072131899187843
Bucknell,Purdue,0.14895371716507988
Bucknell,Radford,0.78737783162563224
Bucknell,Rhode Island,0.36239646888492649
Bucknell,S Dakota St,0.44678006595497499
Bucknell,San Diego St,0.3187234245943722
Bucknell,Seton Hall,0.24933780790015503
Bucknell,SF Austin,0.56538335258094874
Bucknell,St Bonaventure,0.34771672033216583
Bucknell,Syracuse,0.2581206962410294
Bucknell,TCU,0.26198979380433485
Bucknell,Tennessee,0.19506647297956292
Bucknell,Texas,0.27911570877666858
Bucknell,Texas A&M,0.28640744817166919
Bucknell,Texas Tech,0.22057285959962547
Bucknell,TX Southern,0.85292432618156222
Bucknell,UMBC,0.71458228101891641
Bucknell,UNC Greensboro,0.52004002375391933
Bucknell,Villanova,0.075297382851598038
Bucknell,Virginia,0.080408941804161471
Bucknell,Virginia Tech,0.2285681248751813
Bucknell,West Virginia,0.14402555015843477
Bucknell,Wichita St,0.24591896583692063
Bucknell,Wright St,0.64215661062092377
Bucknell,Xavier,0.15117376155236406
Buffalo,Butler,0.37669789433810641
Buffalo,Cincinnati,0.17040245795374254
Buffalo,Clemson,0.33941593670584114
Buffalo,Col Charleston,0.58439384811555883
Buffalo,Creighton,0.31530102399570914
Buffalo,CS Fullerton,0.79486603685181012
Buffalo,Davidson,0.36850739540783373
Buffalo,Duke,0.17657476980592257
Buffalo,Florida,0.28293278963615343
Buffalo,Florida St,0.28778380403210235
Buffalo,Georgia St,0.69980250711532466
Buffalo,Gonzaga,0.18856429899892402
Buffalo,Houston,0.40318692839840475
Buffalo,Iona,0.71257095470872378
Buffalo,Kansas,0.12281437158192243
Buffalo,Kansas St,0.28873848625529608
Buffalo,Kentucky,0.17644966908585991
Buffalo,Lipscomb,0.71846802790670072
Buffalo,Loyola-Chicago,0.44962196641005314
Buffalo,Marshall,0.61273457491615169
Buffalo,Miami FL,0.30800684602639994
Buffalo,Michigan,0.14197355707068759
Buffalo,Michigan St,0.21074936710018388
Buffalo,Missouri,0.43129173994164249
Buffalo,Montana,0.64308209547206086
Buffalo,Murray St,0.58149512119875812
Buffalo,NC State,0.36408295562915083
Buffalo,Nevada,0.431490031149942
Buffalo,New Mexico St,0.47304239693898753
Buffalo,North Carolina,0.24294782046088836
Buffalo,Ohio St,0.34260532692452406
Buffalo,Oklahoma,0.38047666331415608
Buffalo,Penn,0.69704753850762224
Buffalo,Providence,0.30875367358773842
Buffalo,Purdue,0.19780748481311583
Buffalo,Radford,0.83915685466261958
Buffalo,Rhode Island,0.44467710620056267
Buffalo,S Dakota St,0.53222709411037772
Buffalo,San Diego St,0.39726642360328523
Buffalo,Seton Hall,0.31878293357284149
Buffalo,SF Austin,0.64698581818651157
Buffalo,St Bonaventure,0.4289064247959371
Buffalo,Syracuse,0.32894009426217508
Buffalo,TCU,0.33339368924083257
Buffalo,Tennessee,0.25452115574928147
Buffalo,Texas,0.35295490191105794
Buffalo,Texas A&M,0.36120909253593447
Buffalo,Texas Tech,0.28504865010991232
Buffalo,TX Southern,0.89095177648731005
Buffalo,UMBC,0.77911576073463462
Buffalo,UNC Greensboro,0.60419601556926295
Buffalo,Villanova,0.10291471516858774
Buffalo,Virginia,0.10967870568447302
Buffalo,Virginia Tech,0.29449796848420684
Buffalo,West Virginia,0.19162692476218068
Buffalo,Wichita St,0.31481121753298313
Buffalo,Wright St,0.71657051567282037
Buffalo,Xavier,0.2005840447259527
Butler,Cincinnati,0.26841918246441809
Butler,Clemson,0.47856857682947129
Butler,Col Charleston,0.7152370451433705
Butler,Creighton,0.45132176464262597
Butler,CS Fullerton,0.87376102567402536
Butler,Davidson,0.51037210699368507
Butler,Duke,0.27695658502619458
Butler,Florida,0.41342113235138311
Butler,Florida St,0.41920150175183046
Butler,Georgia St,0.80635186450270446
Butler,Gonzaga,0.29333399660206549
Butler,Houston,0.54684128492075934
Butler,Iona,0.81578139430198293
Butler,Kansas,0.20005914265376679
Butler,Kansas St,0.4203348495317597
Butler,Kentucky,0.27678427102258518
Butler,Lipscomb,0.8200955555028504
Butler,Loyola-Chicago,0.5933717229619424
Butler,Marshall,0.73864569084032983
Butler,Miami FL,0.44291641437554208
Butler,Michigan,0.22813461974835514
Butler,Michigan St,0.32293974711203566
Butler,Missouri,0.57530693842903657
Butler,Montana,0.76294367317269596
Butler,Murray St,0.71280242103952551
Butler,NC State,0.50560812766357577
Butler,Nevada,0.57550443838341425
Butler,New Mexico St,0.61590072784107552
Butler,North Carolina,0.36436563160769153
Butler,Ohio St,0.48211124040036579
Butler,Oklahoma,0.52313205117008432
Butler,Penn,0.80430127244320127
Butler,Providence,0.44378057616135491
Butler,Purdue,0.3057775568908967
Butler,Radford,0.90309422998388567
Butler,Rhode Island,0.58853647096746964
Butler,S Dakota St,0.67022594830582027
Butler,San Diego St,0.54072252590886261
Butler,Seton Hall,0.45530691513954602
Butler,SF Austin,0.76601342877027478
Butler,St Bonaventure,0.57292753251459405
Butler,Syracuse,0.46683304321846786
Butler,TCU,0.47184088789967205
Butler,Tennessee,0.37882865288986323
Butler,Texas,0.49351139623617313
Butler,Texas A&M,0.50249988992566808
Butler,Texas Tech,0.41594677760271204
Butler,TX Southern,0.93587333853413934
Butler,UMBC,0.86302446516467368
Butler,UNC Greensboro,0.7316675221798461
Butler,Villanova,0.17007010949999013
Butler,Virginia,0.18036044777350868
Butler,Virginia Tech,0.42714289117918913
Butler,West Virginia,0.29747444282432778
Butler,Wichita St,0.45075976309836396
Butler,Wright St,0.81871017201678176
Butler,Xavier,0.30948496386619195
Cincinnati,Clemson,0.70433792806222151
Cincinnati,Col Charleston,0.86700996519420881
Cincinnati,Creighton,0.68102530787141102
Cincinnati,CS Fullerton,0.94727249337493979
Cincinnati,Davidson,0.73013620486963249
Cincinnati,Duke,0.49855271436427195
Cincinnati,Florida,0.64656610622213195
Cincinnati,Florida St,0.65198300627111805
Cincinnati,Georgia St,0.9153124417793983
Cincinnati,Gonzaga,0.51863463707474255
Cincinnati,Houston,0.7579981409875598
Cincinnati,Iona,0.91996286877921496
Cincinnati,Kansas,0.39362369093651384
Cincinnati,Kansas St,0.65303807626121702
Cincinnati,Kentucky,0.49833755329607676
Cincinnati,Lipscomb,0.92207030271012069
Cincinnati,Loyola-Chicago,0.79112846402924175
Cincinnati,Marshall,0.8800349020122098
Cincinnati,Miami FL,0.67359390707818667
Cincinnati,Michigan,0.43412150643224978
Cincinnati,Michigan St,0.55317931473108328
Cincinnati,Missouri,0.77857068304018173
Cincinnati,Montana,0.89309055140755511
Cincinnati,Murray St,0.86562916690104275
Cincinnati,NC State,0.72636405759097578
Cincinnati,Nevada,0.77871001605611301
Cincinnati,New Mexico St,0.80627794507663197
Cincinnati,North Carolina,0.59805168979595624
Cincinnati,Ohio St,0.7072848962980387
Cincinnati,Oklahoma,0.74008562771710551
Cincinnati,Penn,0.91429302397831202
Cincinnati,Providence,0.6743633184513631
Cincinnati,Purdue,0.53342129540987726
Cincinnati,Radford,0.9603004818003682
Cincinnati,Rhode Island,0.78780381735982252
Cincinnati,S Dakota St,0.84064385812396947
Cincinnati,San Diego St,0.75344502387620416
Cincinnati,Seton Hall,0.68450834191573784
Cincinnati,SF Austin,0.89470756274138374
Cincinnati,St Bonaventure,0.77688844495778087
Cincinnati,Syracuse,0.6944393235054549
Cincinnati,TCU,0.69868917278771991
Cincinnati,Tennessee,0.6128472454533902
Cincinnati,Texas,0.71664163027446082
Cincinnati,Texas A&M,0.72388577901613727
Cincinnati,Texas Tech,0.64894032716693451
Cincinnati,TX Southern,0.97428023664789454
Cincinnati,UMBC,0.94237572079250054
Cincinnati,UNC Greensboro,0.87619910393530342
Cincinnati,Villanova,0.34721330520093274
Cincinnati,Virginia,0.36352710121978227
Cincinnati,Virginia Tech,0.65932814310238474
Cincinnati,West Virginia,0.52359892397059982
Cincinnati,Wichita St,0.6805320438490523
Cincinnati,Wright St,0.92139492498534048
Cincinnati,Xavier,0.53775079832049122
Clemson,Col Charleston,0.72921084785362589
Clemson,Creighton,0.46862474630211159
Clemson,CS Fullerton,0.88124736111579649
Clemson,Davidson,0.52776139355607365
Clemson,Duke,0.29112159186186037
Clemson,Florida,0.43041090938370929
Clemson,Florida St,0.43625215677948448
Clemson,Georgia St,0.81699850470170843
Clemson,Gonzaga,0.30797984345018958
Clemson,Houston,0.5640417252497063
Clemson,Iona,0.82602146177335278
Clemson,Kansas,0.21144133075736682
Clemson,Kansas St,0.43739688633411189
Clemson,Kentucky,0.29094401108091628
Clemson,Lipscomb,0.83014574463173618
Clemson,Loyola-Chicago,0.61006539840274399
Clemson,Marshall,0.75186930026692544
Clemson,Miami FL,0.46016741210218337
Clemson,Michigan,0.24063363778785751
Clemson,Michigan St,0.33835601380966185
Clemson,Missouri,0.59223259272418094
Clemson,Montana,0.77531185818500115
Clemson,Murray St,0.7268500687149142
Clemson,NC State,0.52300848027331104
Clemson,Nevada,0.59242779779476873
Clemson,New Mexico St,0.63224273234856043
Clemson,North Carolina,0.38064766093140567
Clemson,Ohio St,0.49951998065823922
Clemson,Oklahoma,0.5404761881380693
Clemson,Penn,0.81503479185105165
Clemson,Providence,0.46103737681843371
Clemson,Purdue,0.32076268592588209
Clemson,Radford,0.9090221467478673
Clemson,Rhode Island,0.60529660869820212
Clemson,S Dakota St,0.68543709950067777
Clemson,San Diego St,0.55796747944462899
Clemson,Seton Hall,0.47263107283558203
Clemson,SF Austin,0.77826799950766701
Clemson,St Bonaventure,0.58988041482717712
Clemson,Syracuse,0.48420590246816053
Clemson,TCU,0.48922910520210916
Clemson,Tennessee,0.39535499110804539
Clemson,Texas,0.51092567122225097
Clemson,Texas A&M,0.5199057628470547
Clemson,Texas Tech,0.43296373623028483
Clemson,TX Southern,0.93992946878120764
Clemson,UMBC,0.8710535464389827
Clemson,UNC Greensboro,0.74512237153968908
Clemson,Villanova,0.18013029926208635
Clemson,Virginia,0.19088933741927361
Clemson,Virginia Tech,0.44426947635118608
Clemson,West Virginia,0.31223567626231474
Clemson,Wichita St,0.46805957891027139
Clemson,Wright St,0.8288216000125177
Clemson,Xavier,0.32456683684569798
Col Charleston,Creighton,0.24473179996824301
Col Charleston,CS Fullerton,0.73165818039984287
Col Charleston,Davidson,0.29109249820283778
Col Charleston,Duke,0.13110920324749498
Col Charleston,Florida,0.21730882243705518
Col Charleston,Florida St,0.22138205496848762
Col Charleston,Georgia St,0.62125984708443172
Col Charleston,Gonzaga,0.14053849292524789
Col Charleston,Houston,0.32220384555323767
Col Charleston,Iona,0.6356295689990743
Col Charleston,Kansas,0.089683697505767546
Col Charleston,Kansas St,0.22218517749346656
Col Charleston,Kentucky,0.13101118918791876
Col Charleston,Lipscomb,0.64231282566046044
Col Charleston,Loyola-Chicago,0.36501643294131059
Col Charleston,Marshall,0.5268150005551
Col Charleston,Miami FL,0.23850150468850273
Col Charleston,Michigan,0.10428893501374492
Col Charleston,Michigan St,0.15817463766528816
Col Charleston,Missouri,0.34795478796201773
Col Charleston,Montana,0.55905015943764025
Col Charleston,Murray St,0.49436411607369213
Col Charleston,NC State,0.28717484811603944
Col Charleston,Nevada,0.3481382188928368
Col Charleston,New Mexico St,0.38712968821618032
Col Charleston,North Carolina,0.18421549151033756
Col Charleston,Ohio St,0.26831980627247454
Col Charleston,Oklahoma,0.30174879762962059
Col Charleston,Penn,0.6181773573457181
Col Charleston,Providence,0.23913804238000547
Col Charleston,Purdue,0.1478564801170793
Col Charleston,Radford,0.78592071538168218
Col Charleston,Rhode Island,0.36039276427559475
Col Charleston,S Dakota St,0.44463515858268488
Col Charleston,San Diego St,0.31684119748818518
Col Charleston,Seton Hall,0.24771634829874545
Col Charleston,SF Austin,0.56324876721363826
Col Charleston,St Bonaventure,0.34575016773545431
Col Charleston,Syracuse,0.25646163437116221
Col Charleston,TCU,0.26031458943291308
Col Charleston,Tennessee,0.1937068704547682
Col Charleston,Texas,0.2773721550140873
Col Charleston,Texas A&M,0.28463632991340404
Col Charleston,Texas Tech,0.21908386596580764
Col Charleston,TX Southern,0.8518318759650908
Col Charleston,UMBC,0.71280825260737024
Col Charleston,UNC Greensboro,0.51787264448568271
Col Charleston,Villanova,0.074695099143468391
Col Charleston,Virginia,0.07976929912060593
Col Charleston,Virginia Tech,0.22704088040035164
Col Charleston,West Virginia,0.14295851738752297
Col Charleston,Wichita St,0.24431250318881248
Col Charleston,Wright St,0.640159105750993
Col Charleston,Xavier,0.15006305457794811
Creighton,CS Fullerton,0.89290208198854371
Creighton,Davidson,0.55665504364276397
Creighton,Duke,0.31572132753069393
Creighton,Florida,0.45915691908024892
Creighton,Florida St,0.46506975359443903
Creighton,Georgia St,0.8337693651163558
Creighton,Gonzaga,0.33333425038727305
Creighton,Houston,0.59242984483802019
Creighton,Iona,0.84212521552786157
Creighton,Kansas,0.23150696259639802
Creighton,Kansas St,0.46622756391313291
Creighton,Kentucky,0.31553542045753324
Creighton,Lipscomb,0.84593894788006563
Creighton,Loyola-Chicago,0.63738329283106943
Creighton,Marshall,0.77295008240739915
Creighton,Miami FL,0.48919392926984129
Creighton,Michigan,0.26254722956898791
Creighton,Michigan St,0.3648925436792918
Creighton,Missouri,0.62002167159755039
Creighton,Montana,0.79494417509870396
Creighton,Murray St,0.74934783092019486
Creighton,NC State,0.55194605033409871
Creighton,Nevada,0.62021210460339438
Creighton,New Mexico St,0.65887569776719945
Creighton,North Carolina,0.40845344304916542
Creighton,Ohio St,0.52859815660618081
Creighton,Oklahoma,0.56922687252773652
Creighton,Penn,0.83194859652653763
Creighton,Providence,0.49006895262533212
Creighton,Purdue,0.34664230449927547
Creighton,Radford,0.91820398483228294
Creighton,Rhode Island,0.63274747473835669
Creighton,S Dakota St,0.70998482972958443
Creighton,San Diego St,0.58646113915608256
Creighton,Seton Hall,0.50171310528997903
Creighton,SF Austin,0.79770941422988362
Creighton,St Bonaventure,0.61772632319903376
Creighton,Syracuse,0.51330692600344907
Creighton,TCU,0.51832864525295608
Creighton,Tennessee,0.42350050459856048
Creighton,Texas,0.5399514832237361
Creighton,Texas A&M,0.54886920186728139
Creighton,Texas Tech,0.46174202806659603
Creighton,TX Southern,0.94617671322906138
Creighton,UMBC,0.88357654565025456
Creighton,UNC Greensboro,0.76659842173241677
Creighton,Villanova,0.19797051589248738
Creighton,Virginia,0.20952281978129073
Creighton,Virginia Tech,0.47317216268759477
Creighton,West Virginia,0.33776943581693319
Creighton,Wichita St,0.49712547976677834
Creighton,Wright St,0.84471489286338386
Creighton,Xavier,0.35059495791995421
CS Fullerton,Davidson,0.13025469040168458
CS Fullerton,Duke,0.052162876224910115
CS Fullerton,Florida,0.091950919671976328
CS Fullerton,Florida St,0.093956511527203634
CS Fullerton,Georgia St,0.37432054490711231
CS Fullerton,Gonzaga,0.056282172777002537
CS Fullerton,Houston,0.14775898082036298
CS Fullerton,Iona,0.38884261995377389
CS Fullerton,Kansas,0.034685645688186439
CS Fullerton,Kansas St,0.094353382038248168
CS Fullerton,Kentucky,0.052120340312922897
CS Fullerton,Lipscomb,0.39574933718983996
CS Fullerton,Loyola-Chicago,0.17331951022453107
CS Fullerton,Marshall,0.28879127797708481
CS Fullerton,Miami FL,0.10251959535549671
CS Fullerton,Michigan,0.040735090525089501
CS Fullerton,Michigan St,0.064134002629029241
CS Fullerton,Missouri,0.16291921663674325
CS Fullerton,Montana,0.31619434987602235
CS Fullerton,Murray St,0.26285748428911127
CS Fullerton,NC State,0.12811048472716868
CS Fullerton,Nevada,0.16302949154437929
CS Fullerton,New Mexico St,0.18724400080054926
CS Fullerton,North Carolina,0.076092041783184627
CS Fullerton,Ohio St,0.11797072944788645
CS Fullerton,Oklahoma,0.13615389501495889
CS Fullerton,Penn,0.37126224635961902
CS Fullerton,Providence,0.10284222393811049
CS Fullerton,Purdue,0.059516660958315315
CS Fullerton,Radford,0.57245748227410076
CS Fullerton,Rhode Island,0.17047217019486494
CS Fullerton,S Dakota St,0.22600715917944114
CS Fullerton,San Diego St,0.14467998264676696
CS Fullerton,Seton Hall,0.10722033711808476
CS Fullerton,SF Austin,0.31989222495284086
CS Fullerton,St Bonaventure,0.16159642089695037
CS Fullerton,Syracuse,0.11174235309200475
CS Fullerton,TCU,0.1137537450567534
CS Fullerton,Tennessee,0.08056270093763751
CS Fullerton,Texas,0.12280204858840094
CS Fullerton,Texas A&M,0.1267280609949909
CS Fullerton,Texas Tech,0.092823439191290325
CS Fullerton,TX Southern,0.67708699683053308
CS Fullerton,UMBC,0.47512993979919604
CS Fullerton,UNC Greensboro,0.28148575165605294
CS Fullerton,Villanova,0.028599945377682068
CS Fullerton,Virginia,0.030646513161262767
CS Fullerton,Virginia Tech,0.096762952954966175
CS Fullerton,West Virginia,0.05734814233803831
CS Fullerton,Wichita St,0.10547635560676294
CS Fullerton,Wright St,0.39351281125354731
CS Fullerton,Xavier,0.060498471217190875
Davidson,Duke,0.26883074075040503
Davidson,Florida,0.40352596621569681
Davidson,Florida St,0.40926451374183326
Davidson,Georgia St,0.79987654099034788
Davidson,Gonzaga,0.28491698868843074
Davidson,Houston,0.53667443447065433
Davidson,Iona,0.80954690763630222
Davidson,Kansas,0.19358539654623541
Davidson,Kansas St,0.41038997907671115
Davidson,Kentucky,0.26866160386911808
Davidson,Lipscomb,0.81397377859734477
Davidson,Loyola-Chicago,0.58345360890981635
Davidson,Marshall,0.73066258794229677
Davidson,Miami FL,0.4328362144987179
Davidson,Michigan,0.22100336994632053
Davidson,Michigan St,0.31405075835555596
Davidson,Missouri,0.56527102101774784
Davidson,Montana,0.75545704067426966
Davidson,Murray St,0.70434589570834916
Davidson,NC State,0.49536986892602342
Davidson,Nevada,0.56546966300807977
Davidson,New Mexico St,0.60616740220739285
Davidson,North Carolina,0.35493414095873643
Davidson,Ohio St,0.4718946327793514
Davidson,Oklahoma,0.5129070816897493
Davidson,Penn,0.79777457643425209
Davidson,Providence,0.43369602022848852
Davidson,Purdue,0.2971536335755719
Davidson,Radford,0.89945045062084272
Davidson,Rhode Island,0.57858417936940498
Davidson,S Dakota St,0.66111178987475538
Davidson,San Diego St,0.53053625081570843
Davidson,Seton Hall,0.44517006545746685
Davidson,SF Austin,0.75859306844284236
Davidson,St Bonaventure,0.56287810956522977
Davidson,Syracuse,0.45665471701530458
Davidson,TCU,0.46164791552601214
Davidson,Tennessee,0.36924026359464124
Davidson,Texas,0.48327864366107876
Davidson,Texas A&M,0.49226190234987754
Davidson,Texas Tech,0.40603300500092876
Davidson,TX Southern,0.9333711605438566
Davidson,UMBC,0.85811073244057345
Davidson,UNC Greensboro,0.72355104434429673
Davidson,Villanova,0.16436738687586949
Davidson,Virginia,0.17438517600537196
Davidson,Virginia Tech,0.41715286269822482
Davidson,West Virginia,0.28898721331275978
Davidson,Wichita St,0.44064225232367171
Davidson,Wright St,0.81255202848545116
Davidson,Xavier,0.30080178513463041
Duke,Florida,0.63712337462750424
Duke,Florida St,0.64260500119316299
Duke,Georgia St,0.9120734091970204
Duke,Gonzaga,0.50837284773367553
Duke,Houston,0.75038317962983481
Duke,Iona,0.91688554953215617
Duke,Kansas,0.38386291609739476
Duke,Kansas St,0.64367296381743055
Duke,Kentucky,0.48807017015828147
Duke,Lipscomb,0.91906688306001461
Duke,Loyola-Chicago,0.78425928491660568
Duke,Marshall,0.87562994747206868
Duke,Miami FL,0.66449858198267076
Duke,Michigan,0.42405879146398451
Duke,Michigan St,0.54300504962175267
Duke,Missouri,0.77140784579375854
Duke,Montana,0.88910457388588882
Duke,Murray St,0.86077893447069598
Duke,NC State,0.71812384529357209
Duke,Nevada,0.77155036347806127
Duke,New Mexico St,0.79978089811815356
Duke,North Carolina,0.58813844821656858
Duke,Ohio St,0.698708456512523
Duke,Oklahoma,0.73210622642570478
Duke,Penn,0.91101879220172921
Duke,Providence,0.66527877927067902
Duke,Purdue,0.52318492376861203
Duke,Radford,0.95870447072797538
Duke,Rhode Island,0.78085558713466752
Duke,S Dakota St,0.83506360021867265
Duke,San Diego St,0.74573485087144065
Duke,Seton Hall,0.67557066655538733
Duke,SF Austin,0.89077450007671699
Duke,St Bonaventure,0.76968728781452778
Duke,Syracuse,0.68565378768975116
Duke,TCU,0.68997127724774732
Duke,Tennessee,0.60305671056715537
Duke,Texas,0.70822624558927394
Duke,Texas A&M,0.71560015707007496
Duke,Texas Tech,0.63952566302573177
Duke,TX Southern,0.97323057670359048
Duke,UMBC,0.94010403984187052
Duke,UNC Greensboro,0.87167384210066245
Duke,Villanova,0.33796195711844568
Duke,Virginia,0.35407684986281607
Duke,Virginia Tech,0.65004182682254164
Duke,West Virginia,0.51334365990640696
Duke,Wichita St,0.67153577616825966
Duke,Wright St,0.91836778059586899
Duke,Xavier,0.52752527938730731
Florida,Florida St,0.51015196727616363
Florida,Georgia St,0.85731219016149818
Florida,Gonzaga,0.37458875666797953
Florida,Houston,0.63519794639781213
Florida,Iona,0.86467669492118959
Florida,Kansas,0.2651717347555903
Florida,Kansas St,0.51131473237971448
Florida,Kentucky,0.35576262066275455
Florida,Lipscomb,0.86803102862196946
Florida,Loyola-Chicago,0.67799814015791782
Florida,Marshall,0.80307212460909128
Florida,Miami FL,0.53427898999750423
Florida,Michigan,0.29896974778721319
Florida,Michigan St,0.40766444538191704
Florida,Missouri,0.66154852716654389
Florida,Montana,0.82281719215566362
Florida,Murray St,0.78171684335895064
Florida,NC State,0.59606579862372067
Florida,Nevada,0.66172950278220055
Florida,New Mexico St,0.69822303480124226
Florida,North Carolina,0.4526919222469713
Florida,Ohio St,0.57323934865228554
Florida,Oklahoma,0.61283859331359825
Florida,Penn,0.85570466430596559
Florida,Providence,0.53515017001211274
Florida,Purdue,0.38858383273654906
Florida,Radford,0.93078131071773229
Florida,Rhode Island,0.67361567250933962
Florida,S Dakota St,0.74571215038624861
Florida,San Diego St,0.62946382869473594
Florida,Seton Hall,0.54671705150520133
Florida,SF Austin,0.82528916439268596
Florida,St Bonaventure,0.65936621548547225
Florida,Syracuse,0.55818585737907267
Florida,TCU,0.56313861384260666
Florida,Tennessee,0.46807913559503689
Florida,Texas,0.58436291718299094
Florida,Texas A&M,0.5930685521479182
Florida,Texas Tech,0.5068072828137048
Florida,TX Southern,0.95466519098822999
Florida,UMBC,0.90090370488191673
Florida,UNC Greensboro,0.79734218615373975
Florida,Villanova,0.2282067205835322
Florida,Virginia,0.24099325402258864
Florida,Virginia Tech,0.518278825051806
Florida,West Virginia,0.37926058291866149
Florida,Wichita St,0.54216566346957995
Florida,Wright St,0.86695489484688515
Florida,Xavier,0.39272726294746729
Florida St,Georgia St,0.85092115276419089
Florida St,Gonzaga,0.36265028122912746
Florida St,Houston,0.62323050947302583
Florida St,Iona,0.8585610963708995
Florida St,Kansas,0.25529697169863497
Florida St,Kansas St,0.49849194161183707
Florida St,Kentucky,0.34409403469315458
Florida St,Lipscomb,0.86204283484983391
Florida St,Loyola-Chicago,0.66669802892564156
Florida St,Marshall,0.79483305292514472
Florida St,Miami FL,0.52149486425544866
Florida St,Michigan,0.28833022620750648
Florida St,Michigan St,0.39533817411729433
Florida St,Missouri,0.64996917307090474
Florida St,Montana,0.81521413165361389
Florida St,Murray St,0.77283704055178126
Florida St,NC State,0.58365605556241895
Florida St,Nevada,0.65015306601485678
Florida St,New Mexico St,0.68730533944408978
Florida St,North Carolina,0.4400155481335335
Florida St,Ohio St,0.56064523319316739
Florida St,Oklahoma,0.60059886622593783
Florida St,Penn,0.84925428568703931
Florida St,Providence,0.52236857978569673
Florida St,Purdue,0.37646781396032458
Florida St,Radford,0.92740232218828433
Florida St,Rhode Island,0.66223838292765014
Florida St,S Dakota St,0.73586257536466138
Florida St,San Diego St,0.61742158027938343
Florida St,Seton Hall,0.53397654395669014
Florida St,SF Austin,0.81776868571222083
Florida St,St Bonaventure,0.64775195350039416
Florida St,Syracuse,0.54549972277557668
Florida St,TCU,0.55048016469091954
Florida St,Tennessee,0.45533035072367345
Florida St,Texas,0.57185188863740255
Florida St,Texas A&M,0.58063151237332344
Florida St,Texas Tech,0.4939832665615429
Florida St,TX Southern,0.95239248676836741
Florida St,UMBC,0.89622881390032461
Florida St,UNC Greensboro,0.78892639389647978
Florida St,Villanova,0.21929769459503545
Florida St,Virginia,0.23173493147652879
Florida St,Virginia Tech,0.50546202995359202
Florida St,West Virginia,0.36726064808756265
Florida St,Wichita St,0.52940734352079644
Florida St,Wright St,0.86092569419056386
Florida St,Xavier,0.38056246491612822
Georgia St,Gonzaga,0.091246986131109042
Georgia St,Houston,0.22594681509933312
Georgia St,Iona,0.51718477146266517
Georgia St,Kansas,0.057044798243078509
Georgia St,Kansas St,0.1492296196967916
Georgia St,Kentucky,0.084731790793899142
Georgia St,Lipscomb,0.52441504152426388
Georgia St,Loyola-Chicago,0.26089238830305395
Georgia St,Marshall,0.40605074357717896
Georgia St,Miami FL,0.16129942450277013
Georgia St,Michigan,0.066724304036127058
Georgia St,Michigan St,0.10344202705853056
Georgia St,Missouri,0.24680602055224032
Georgia St,Montana,0.43773226059944825
Georgia St,Murray St,0.37514119049594963
Georgia St,NC State,0.19832063083660512
Georgia St,Nevada,0.24695632441748228
Georgia St,New Mexico St,0.27947397345717662
Georgia St,North Carolina,0.12177553088540005
Georgia St,Ohio St,0.18379527428923881
Georgia St,Oklahoma,0.20971191014227564
Georgia St,Penn,0.49853510967325487
Georgia St,Providence,0.16177368967944927
Georgia St,Purdue,0.0962858568395627
Georgia St,Radford,0.69271238430761417
Georgia St,Rhode Island,0.2570537275144219
Georgia St,S Dakota St,0.32958780140101018
Georgia St,San Diego St,0.22166230474862736
Georgia St,Seton Hall,0.16819026249665459
Georgia St,SF Austin,0.44193289965569238
Georgia St,St Bonaventure,0.2450014693602629
Georgia St,Syracuse,0.17478027769212001
Georgia St,TCU,0.17769936802278052
Georgia St,Tennessee,0.12855677430994239
Georgia St,Texas,0.1907393843986136
Georgia St,Texas A&M,0.19635119789372801
Georgia St,Texas Tech,0.14695424316552996
Georgia St,TX Southern,0.77926061882867914
Georgia St,UMBC,0.6038142823832614
Georgia St,UNC Greensboro,0.39743653952528346
Georgia St,Villanova,0.047228049710826392
Georgia St,Virginia,0.050538264930294008
Georgia St,Virginia Tech,0.15280415301105132
Georgia St,West Virginia,0.092909983402283292
Georgia St,Wichita St,0.16563857226790524
Georgia St,Wright St,0.52207963338422303
Georgia St,Xavier,0.097811143508299114
Gonzaga,Houston,0.73776318262911533
Gonzaga,Iona,0.91169284620048985
Gonzaga,Kansas,0.3683118053360942
Gonzaga,Kansas St,0.62833014701389045
Gonzaga,Kentucky,0.4715282257258
Gonzaga,Lipscomb,0.91399767886249228
Gonzaga,Loyola-Chicago,0.77283348872044277
Gonzaga,Marshall,0.86823016227030247
Gonzaga,Miami FL,0.64956428025344715
Gonzaga,Michigan,0.40795747182497799
Gonzaga,Michigan St,0.52651615550066178
Gonzaga,Missouri,0.75951013736400652
Gonzaga,Montana,0.88239882966580185
Gonzaga,Murray St,0.85264424006780293
Gonzaga,NC State,0.70451513120478948
Gonzaga,Nevada,0.75965776168408727
Gonzaga,New Mexico St,0.78895592866535691
Gonzaga,North Carolina,0.57199443583034904
Gonzaga,Ohio St,0.68457410664831886
Gonzaga,Oklahoma,0.71890833458642101
Gonzaga,Penn,0.90549733260947429
Gonzaga,Providence,0.65036093329452194
Gonzaga,Purdue,0.50663065988582823
Gonzaga,Radford,0.95599908658286448
Gonzaga,Rhode Island,0.76930255440583872
Gonzaga,S Dakota St,0.82573055664833916
Gonzaga,San Diego St,0.73296347757615643
Gonzaga,Seton Hall,0.66087769508738792
Gonzaga,SF Austin,0.88415657798817138
Gonzaga,St Bonaventure,0.75772815305446994
Gonzaga,Syracuse,0.67119521215822897
Gonzaga,TCU,0.67561733670776336
Gonzaga,Tennessee,0.58708691732441154
Gonzaga,Texas,0.69434307191065292
Gonzaga,Texas A&M,0.70192017574583843
Gonzaga,Texas Tech,0.6241085550533414
Gonzaga,TX Southern,0.97144849659730148
Gonzaga,UMBC,0.93626110571646637
Gonzaga,UNC Greensboro,0.86407521441067403
Gonzaga,Villanova,0.32329466600243661
Gonzaga,Virginia,0.3390683750224972
Gonzaga,Virginia Tech,0.63481765887075781
Gonzaga,West Virginia,0.49677636003358749
Gonzaga,Wichita St,0.65675291464711627
Gonzaga,Wright St,0.91325892115731577
Gonzaga,Xavier,0.51098085609880739
Houston,Iona,0.78752699098141887
Houston,Kansas,0.17309269063477639
Houston,Kansas St,0.37769588526099096
Houston,Kentucky,0.2426124482489268
Houston,Lipscomb,0.79233439583163934
Houston,Loyola-Chicago,0.54982929391133539
Houston,Marshall,0.70286969858050452
Houston,Miami FL,0.39956574452366211
Houston,Michigan,0.1983220288216786
Houston,Michigan St,0.28531763780636377
Houston,Missouri,0.53135788764937186
Houston,Montana,0.72927469789230104
Houston,Murray St,0.67504513350280437
Houston,NC State,0.4612013654653816
Houston,Nevada,0.5315591840894941
Houston,New Mexico St,0.57303485006453503
Houston,North Carolina,0.32422854705356896
Houston,Ohio St,0.43794011955314405
Houston,Oklahoma,0.4786763647981398
Houston,Penn,0.77477223747890278
Houston,Providence,0.4004061184549188
Houston,Purdue,0.26935939814817134
Houston,Radford,0.88636600238767471
Houston,Rhode Island,0.54487341139740431
Houston,S Dakota St,0.62977846642080915
Houston,San Diego St,0.49632784037941968
Houston,Seton Hall,0.41163962537482268
Houston,SF Austin,0.73262765518209749
Houston,St Bonaventure,0.52893386672274589
Houston,Syracuse,0.42291861528879005
Houston,TCU,0.42783339204144177
Houston,Tennessee,0.33794542411860973
Houston,Texas,0.44920174658130496
Houston,Texas A&M,0.45811315998215751
Houston,Texas Tech,0.37346615468104216
Houston,TX Southern,0.92432943692298897
Houston,UMBC,0.84060012578920063
Houston,UNC Greensboro,0.69533031006171075
Houston,Villanova,0.1464061258344439
Houston,Virginia,0.1555329713392537
Houston,Virginia Tech,0.38427113519411982
Houston,West Virginia,0.26167244060623296
Houston,Wichita St,0.40720255434055819
Houston,Wright St,0.7907897691251794
Houston,Xavier,0.27279876307610063
Iona,Kansas,0.059170112204990133
Iona,Kansas St,0.15422771374582955
Iona,Kentucky,0.087792597602923239
Iona,Lipscomb,0.53409052387143763
Iona,Loyola-Chicago,0.26845028919866565
Iona,Marshall,0.41545009411619482
Iona,Miami FL,0.16662259626921516
Iona,Michigan,0.069183787647201234
Iona,Michigan St,0.1070996250411933
Iona,Missouri,0.25409613836068068
Iona,Montana,0.44731266863387831
Iona,Murray St,0.3842879725495213
Iona,NC State,0.20456756790777153
Iona,Nevada,0.25424938322189428
Iona,New Mexico St,0.28736088494801226
Iona,North Carolina,0.12599028490068231
Iona,Ohio St,0.18969293666367615
Iona,Oklahoma,0.21622088693638808
Iona,Penn,0.50824338098527988
Iona,Providence,0.16710939450082463
Iona,Purdue,0.099718563842323249
Iona,Radford,0.70091667598989948
Iona,Rhode Island,0.26454022651573272
Iona,S Dakota St,0.33822508877160895
Iona,San Diego St,0.22843498099313864
Iona,Seton Hall,0.17369374802114901
Iona,SF Austin,0.45153141432557453
Iona,St Bonaventure,0.25225613645317957
Iona,Syracuse,0.18045262001834483
Iona,TCU,0.18344538706991287
Iona,Tennessee,0.13297069661115146
Iona,Texas,0.19680614274687069
Iona,Texas A&M,0.20255177329714058
Iona,Texas Tech,0.15188973447795695
Iona,TX Southern,0.78586845579751108
Iona,UMBC,0.61306628810044139
Iona,UNC Greensboro,0.40677305038086431
Iona,Villanova,0.049006629866316209
Iona,Virginia,0.052434645263080615
Iona,Virginia Tech,0.15789974793959149
Iona,West Virginia,0.096235152754180708
Iona,Wichita St,0.17107573426927247
Iona,Wright St,0.53176020525523726
Iona,Xavier,0.10129213386877678
Kansas,Kansas St,0.74824272631050492
Kansas,Kentucky,0.61068483455257816
Kansas,Lipscomb,0.94919675986234797
Kansas,Loyola-Chicago,0.85675340727770943
Kansas,Marshall,0.92053236485759127
Kansas,Miami FL,0.76518627064442535
Kansas,Michigan,0.54780024672311045
Kansas,Michigan St,0.66158520936286003
Kansas,Missouri,0.8473799867609072
Kansas,Montana,0.92953362816891616
Kansas,Murray St,0.91049507375134731
Kansas,NC State,0.80738300271440533
Kansas,Nevada,0.84748450363426897
Kansas,New Mexico St,0.86793764896456682
Kansas,North Carolina,0.70144646079766626
Kansas,Ohio St,0.79233784441729171
Kansas,Oklahoma,0.81805948515330829
Kansas,Penn,0.94396213870868872
Kansas,Providence,0.76581484067406003
Kansas,Purdue,0.64353180387846876
Kansas,Radford,0.9744876399939093
Kansas,Rhode Island,0.85428092512404286
Kansas,S Dakota St,0.89281931030728801
Kansas,San Diego St,0.82834067482934759
Kansas,Seton Hall,0.77406529676820957
Kansas,SF Austin,0.93064224262854145
Kansas,St Bonaventure,0.8461171835431115
Kansas,Syracuse,0.78207471885666402
Kansas,TCU,0.78548222012497659
Kansas,Tennessee,0.71425454190200111
Kansas,Texas,0.79974559465841755
Kansas,Texas A&M,0.80544195686953191
Kansas,Texas Tech,0.74483002730445746
Kansas,TX Southern,0.98355708332555158
Kansas,UMBC,0.96271985800531767
Kansas,UNC Greensboro,0.91787059950576211
Kansas,Villanova,0.45649292822249377
Kansas,Virginia,0.47421130966913716
Kansas,Virginia Tech,0.7534584329287124
Kansas,West Virginia,0.63443888582812824
Kansas,Wichita St,0.7708398522595219
Kansas,Wright St,0.94874340517607647
Kansas,Xavier,0.64751473229905399
Kansas St,Kentucky,0.35432741082184904
Kansas St,Lipscomb,0.86731139471595509
Kansas St,Loyola-Chicago,0.67662828936664066
Kansas St,Marshall,0.80207903350226939
Kansas St,Miami FL,0.5327191184114588
Kansas St,Michigan,0.29765779335475073
Kansas St,Michigan St,0.40615185624327843
Kansas St,Missouri,0.66014377511774236
Kansas St,Montana,0.82190159141672736
Kansas St,Murray St,0.78064547502564818
Kansas St,NC State,0.59455582972553733
Kansas St,Nevada,0.66032511619944656
Kansas St,New Mexico St,0.69690075988846756
Kansas St,North Carolina,0.45113950859412777
Kansas St,Ohio St,0.57170536274863926
Kansas St,Oklahoma,0.61135044223578394
Kansas St,Penn,0.85492904769863776
Kansas St,Providence,0.53359066908843256
Kansas St,Purdue,0.38709577397344064
Kansas St,Radford,0.93037641163246176
Kansas St,Rhode Island,0.67223619088587117
Kansas St,S Dakota St,0.74452181930848249
Kansas St,San Diego St,0.62800079093908845
Kansas St,Seton Hall,0.54516337432678719
Kansas St,SF Austin,0.82438361128837623
Kansas St,St Bonaventure,0.65795708885194293
Kansas St,Syracuse,0.55663961185441457
Kansas St,TCU,0.56159608793601734
Kansas St,Tennessee,0.46651893286806068
Kansas St,Texas,0.58283981782447858
Kansas St,Texas A&M,0.59155505656416252
Kansas St,Texas Tech,0.5052406052102365
Kansas St,TX Southern,0.95439315657920121
Kansas St,UMBC,0.90034274730064767
Kansas St,UNC Greensboro,0.79632752784571004
Kansas St,Villanova,0.22710469459152971
Kansas St,Virginia,0.23984866998786936
Kansas St,Virginia Tech,0.51671383866779308
Kansas St,West Virginia,0.37778616666827114
Kansas St,Wichita St,0.54060949445817474
Kansas St,Wright St,0.86623029705883492
Kansas St,Xavier,0.39123349016625575
Kentucky,Lipscomb,0.92156635425140232
Kentucky,Loyola-Chicago,0.78997062888867942
Kentucky,Marshall,0.87929470744424776
Kentucky,Miami FL,0.67205462096969903
Kentucky,Michigan,0.43240450790331619
Kentucky,Michigan St,0.55145031001869582
Kentucky,Missouri,0.77736282634607767
Kentucky,Montana,0.89242106398342003
Kentucky,Murray St,0.86481374173054748
Kentucky,NC State,0.72497202017412921
Kentucky,Nevada,0.77750270219769557
Kentucky,New Mexico St,0.80518340818089429
Kentucky,North Carolina,0.59636962684429617
Kentucky,Ohio St,0.70583510693508478
Kentucky,Oklahoma,0.73873828703107136
Kentucky,Penn,0.91374348691562823
Kentucky,Providence,0.67282589839709361
Kentucky,Purdue,0.53168056218923243
Kentucky,Radford,0.96003304083102736
Kentucky,Rhode Island,0.78663252317672083
Kentucky,S Dakota St,0.83970488749210226
Kentucky,San Diego St,0.75214374272116336
Kentucky,Seton Hall,0.68299630374333486
Kentucky,SF Austin,0.8940470000359132
Kentucky,St Bonaventure,0.77567405588603933
Kentucky,Syracuse,0.69295353122866699
Kentucky,TCU,0.69721503525714312
Kentucky,Tennessee,0.61118684488653841
Kentucky,Texas,0.71521952440741077
Kentucky,Texas A&M,0.72248595092978651
Kentucky,Texas Tech,0.64734564661813965
Kentucky,TX Southern,0.97410443254380552
Kentucky,UMBC,0.94199482116962219
Kentucky,UNC Greensboro,0.87543859206456132
Kentucky,Villanova,0.34563009214523988
Kentucky,Virginia,0.36191074190227757
Kentucky,Virginia Tech,0.65775576335526442
Kentucky,West Virginia,0.52185439334012074
Kentucky,Wichita St,0.67900988519333172
Kentucky,Wright St,0.9208869837832363
Kentucky,Xavier,0.5360121676376699
Lipscomb,Loyola-Chicago,0.2428983988670792
Lipscomb,Marshall,0.38323623878860591
Lipscomb,Miami FL,0.14879163426778352
Lipscomb,Michigan,0.061016700362452436
Lipscomb,Michigan St,0.094913005049179211
Lipscomb,Missouri,0.22948192915483601
Lipscomb,Montana,0.4143795847373547
Lipscomb,Murray St,0.35303112505304757
Lipscomb,NC State,0.18357041009353403
Lipscomb,Nevada,0.22962489917017959
Lipscomb,New Mexico St,0.26065035433417527
Lipscomb,North Carolina,0.11192357953061283
Lipscomb,Ohio St,0.16989643582977076
Lipscomb,Oklahoma,0.19431981761742223
Lipscomb,Penn,0.47467711381056077
Lipscomb,Providence,0.14923566693241419
Lipscomb,Purdue,0.088288772232620771
Lipscomb,Radford,0.67201482915482091
Lipscomb,Rhode Island,0.23923879625528321
Lipscomb,S Dakota St,0.30883558992451376
Lipscomb,San Diego St,0.2056213092005944
Lipscomb,Seton Hall,0.15524703873480294
Lipscomb,SF Austin,0.4185229319943613
Lipscomb,St Bonaventure,0.22776574097122215
Lipscomb,Syracuse,0.1614283338402468
Lipscomb,TCU,0.16416878983900796
Lipscomb,Tennessee,0.11823006043607409
Lipscomb,Texas,0.17642893257754344
Lipscomb,Texas A&M,0.18171425327164026
Lipscomb,Texas Tech,0.13537927892731638
Lipscomb,TX Southern,0.76239299708445474
Lipscomb,UMBC,0.58075290001293944
Lipscomb,UNC Greensboro,0.37480061576917512
Lipscomb,Villanova,0.04311112042681986
Lipscomb,Virginia,0.046146755932973793
Lipscomb,Virginia Tech,0.14084449326645276
Lipscomb,West Virginia,0.085166860386700627
Lipscomb,Wichita St,0.15285563095922761
Lipscomb,Wright St,0.4982143337813949
Lipscomb,Xavier,0.089699949463926121
Loyola-Chicago,Marshall,0.65491783827615724
Loyola-Chicago,Miami FL,0.34806665220129807
Loyola-Chicago,Michigan,0.16560680940709405
Loyola-Chicago,Michigan St,0.24259428504446257
Loyola-Chicago,Missouri,0.476348386385399
Loyola-Chicago,Montana,0.68366630983189447
Loyola-Chicago,Murray St,0.62499862285184093
Loyola-Chicago,NC State,0.40714495085161007
Loyola-Chicago,Nevada,0.47655003447319022
Loyola-Chicago,New Mexico St,0.51848423164584356
Loyola-Chicago,North Carolina,0.27794465558284809
Loyola-Chicago,Ohio St,0.38466365062510077
Loyola-Chicago,Oklahoma,0.42418425129218162
Loyola-Chicago,Penn,0.73403332806061661
Loyola-Chicago,Providence,0.34886164432451783
Loyola-Chicago,Purdue,0.2282624178021978
Loyola-Chicago,Radford,0.86222255068129106
Loyola-Chicago,Rhode Island,0.48992746121063413
Loyola-Chicago,S Dakota St,0.57712763394345679
Loyola-Chicago,San Diego St,0.44152815717246141
Loyola-Chicago,Seton Hall,0.3595161340236056
Loyola-Chicago,SF Austin,0.68734196000105541
Loyola-Chicago,St Bonaventure,0.47392153841625084
Loyola-Chicago,Syracuse,0.37026571881408576
Loyola-Chicago,TCU,0.37496619113237717
Loyola-Chicago,Tennessee,0.29054531272323147
Loyola-Chicago,Texas,0.39551934010641232
Loyola-Chicago,Texas A&M,0.40414720344086541
Loyola-Chicago,Texas Tech,0.32351847474052253
Loyola-Chicago,TX Southern,0.9074093758924896
Loyola-Chicago,UMBC,0.80883014159779798
Loyola-Chicago,UNC Greensboro,0.64677318621574365
Loyola-Chicago,Villanova,0.12096275457660721
Loyola-Chicago,Virginia,0.1287427053338811
Loyola-Chicago,Virginia Tech,0.33364792934580456
Loyola-Chicago,West Virginia,0.22139290336440076
Loyola-Chicago,Wichita St,0.35530161663719351
Loyola-Chicago,Wright St,0.75202078169632269
Loyola-Chicago,Xavier,0.23134318167939227
Marshall,Miami FL,0.21687500056198294
Marshall,Michigan,0.093340639959961225
Marshall,Michigan St,0.14246917629428513
Marshall,Missouri,0.32058167535125992
Marshall,Montana,0.52853134104291344
Marshall,Murray St,0.46366340150529095
Marshall,NC State,0.26265713300229854
Marshall,Nevada,0.32075777464102562
Marshall,New Mexico St,0.35836853871638097
Marshall,North Carolina,0.16643558694666438
Marshall,Ohio St,0.24485889071586264
Marshall,Oklahoma,0.27646940956066224
Marshall,Penn,0.58874037554680236
Marshall,Providence,0.21747030271401968
Marshall,Purdue,0.13301364939645255
Marshall,Radford,0.76448915686117758
Marshall,Rhode Island,0.33254019311555205
Marshall,S Dakota St,0.41449112286593581
Marshall,San Diego St,0.29082404519254179
Marshall,Seton Hall,0.22550171014952369
Marshall,SF Austin,0.53277768057624419
Marshall,St Bonaventure,0.3184657823103727
Marshall,Syracuse,0.23370637828525465
Marshall,TCU,0.23732658739899026
Marshall,Tennessee,0.17520763553112284
Marshall,Texas,0.25339384688944933
Marshall,Texas A&M,0.26025621390300635
Marshall,Texas Tech,0.19875852072747102
Marshall,TX Southern,0.83561860419570644
Marshall,UMBC,0.68697261634310014
Marshall,UNC Greensboro,0.48711846491929112
Marshall,Villanova,0.066622497014953042
Marshall,Virginia,0.071190499252586803
Marshall,Virginia Tech,0.20617222520687106
Marshall,West Virginia,0.12853321297548359
Marshall,Wichita St,0.22231290770560586
Marshall,Wright St,0.61135136606483165
Marshall,Xavier,0.13503381445535201
Miami FL,Michigan,0.26553464392692061
Miami FL,Michigan St,0.36846264663259432
Miami FL,Missouri,0.62363685774372246
Miami FL,Montana,0.79743882467187899
Miami FL,Murray St,0.75222429453229789
Miami FL,NC State,0.55574484495619692
Miami FL,Nevada,0.62382657818071818
Miami FL,New Mexico St,0.66232254679291658
Miami FL,North Carolina,0.41217314968481467
Miami FL,Ohio St,0.53242721140228055
Miami FL,Oklahoma,0.57299250216933739
Miami FL,Penn,0.83408701928481332
Miami FL,Providence,0.49391133435924095
Miami FL,Purdue,0.35013228686585818
Miami FL,Radford,0.91935122320968876
Miami FL,Rhode Island,0.63631260480290641
Miami FL,S Dakota St,0.71314009320952876
Miami FL,San Diego St,0.59018457817570846
Miami FL,Seton Hall,0.50555627026537953
Miami FL,SF Austin,0.8001788789005112
Miami FL,St Bonaventure,0.62135001093014897
Miami FL,Syracuse,0.51714672959132768
Miami FL,TCU,0.52216571090905661
Miami FL,Tennessee,0.4272582683174676
Miami FL,Texas,0.54376791297938931
Miami FL,Texas A&M,0.55267294113887377
Miami FL,Texas Tech,0.46556508650558392
Miami FL,TX Southern,0.94695428285771344
Miami FL,UMBC,0.88514870579032079
Miami FL,UNC Greensboro,0.76933785643530184
Miami FL,Villanova,0.20042283851330611
Miami FL,Virginia,0.21208040398301153
Miami FL,Virginia Tech,0.47700599055235127
Miami FL,West Virginia,0.34121674004505265
Miami FL,Wichita St,0.50096883388549673
Miami FL,Wright St,0.84672079663219912
Miami FL,Xavier,0.35410316749350468
Michigan,Michigan St,0.61434433301492153
Michigan,Missouri,0.81897852113779124
Michigan,Montana,0.91488472723929071
Michigan,Murray St,0.89234671640799113
Michigan,NC State,0.77352766038560761
Michigan,Nevada,0.81909833561815981
Michigan,New Mexico St,0.84265143874325954
Michigan,North Carolina,0.65688414456742983
Michigan,Ohio St,0.75663517897307675
Michigan,Oklahoma,0.78558233727777416
Michigan,Penn,0.93209358433844125
Michigan,Providence,0.72712260967968012
Michigan,Purdue,0.59531233496589275
Michigan,Radford,0.96887104170554961
Michigan,Rhode Island,0.82690134054665632
Michigan,S Dakota St,0.871592402374328
Michigan,San Diego St,0.79724389931289641
Michigan,Seton Hall,0.73626676811347269
Michigan,SF Austin,0.91620302976712276
Michigan,St Bonaventure,0.81753132235905612
Michigan,Syracuse,0.74517503343451663
Michigan,TCU,0.74897431035927864
Michigan,Tennessee,0.67070650261847731
Michigan,Texas,0.76493868571201495
Michigan,Texas A&M,0.77134206824499973
Michigan,Texas Tech,0.70401072338862325
Michigan,TX Southern,0.9798959497725731
Michigan,UMBC,0.95463316734994608
Michigan,UNC Greensboro,0.90105521470263583
Michigan,Villanova,0.40631375749848309
Michigan,Virginia,0.4236024599129401
Michigan,Virginia Tech,0.71348845962887719
Michigan,West Virginia,0.58578112502241253
Michigan,Wichita St,0.73268805864507203
Michigan,Wright St,0.93782079678261476
Michigan,Xavier,0.59949873084637451
Michigan St,Missouri,0.73716968293291185
Michigan St,Montana,0.86951290937408199
Michigan St,Murray St,0.83709990420576441
Michigan St,NC State,0.67922356333233935
Michigan St,Nevada,0.73732627809037066
Michigan St,New Mexico St,0.76851717099736305
Michigan St,North Carolina,0.54272227233125137
Michigan St,Ohio St,0.65840330031978045
Michigan St,Oklahoma,0.69431418723171279
Michigan St,Penn,0.89484075905094917
Michigan St,Providence,0.62291509076848417
Michigan St,Purdue,0.47697577501927568
Michigan St,Radford,0.95072744969881551
Michigan St,Rhode Island,0.74756943407931598
Michigan St,S Dakota St,0.80798649216849416
Michigan St,San Diego St,0.70910147889265485
Michigan St,Seton Hall,0.633792545120486
Michigan St,SF Austin,0.87143519762437027
Michigan St,St Bonaventure,0.73527985699467802
Michigan St,Syracuse,0.6444908238882272
Michigan St,TCU,0.6490843267320634
Michigan St,Tennessee,0.55804942736154517
Michigan St,Texas,0.66859040866754649
Michigan St,Texas A&M,0.67650848326586199
Michigan St,Texas Tech,0.59588245959645814
Michigan St,TX Southern,0.96796579108636738
Michigan St,UMBC,0.92880082992640633
Michigan St,UNC Greensboro,0.84952390671367994
Michigan St,Villanova,0.29789162787187207
Michigan St,Virginia,0.31299918696083939
Michigan St,Virginia Tech,0.60688920192281537
Michigan St,West Virginia,0.46715212618674762
Michigan St,Wichita St,0.62952300344250745
Michigan St,Wright St,0.90338419478730581
Michigan St,Xavier,0.48131975233112423
Missouri,Montana,0.7009953172863338
Missouri,Murray St,0.64386734038768767
Missouri,NC State,0.42692432508560851
Missouri,Nevada,0.49687527462413406
Missouri,New Mexico St,0.53875717004653512
Missouri,North Carolina,0.29456600322576898
Missouri,Ohio St,0.40409529193961902
Missouri,Oklahoma,0.44417122700776446
Missouri,Penn,0.7496137013603974
Missouri,Providence,0.36756504630050091
Missouri,Purdue,0.24291223351175895
Missouri,Radford,0.87160706947862354
Missouri,Rhode Island,0.510267070653732
Missouri,S Dakota St,0.59685134382568261
Missouri,San Diego St,0.46167712301759423
Missouri,Seton Hall,0.37845874605043506
Missouri,SF Austin,0.70455662713022649
Missouri,St Bonaventure,0.49424052277078623
Missouri,Syracuse,0.38943034020853828
Missouri,TCU,0.39422180067571233
Missouri,Tennessee,0.30759918337272552
Missouri,Texas,0.41512940502808349
Missouri,Texas A&M,0.42388507084583382
Missouri,Texas Tech,0.34157592019015171
Missouri,TX Southern,0.91402296551871709
Missouri,UMBC,0.8210968180870919
Missouri,UNC Greensboro,0.66513330482564725
Missouri,Villanova,0.12988511547036719
Missouri,Virginia,0.13814873778283354
Missouri,Virginia Tech,0.35197658664338605
Missouri,West Virginia,0.23573650877161867
Missouri,Wichita St,0.37415188981721414
Missouri,Wright St,0.76688208867746877
Missouri,Xavier,0.24612766094104388
Montana,Murray St,0.43587676455174906
Montana,NC State,0.24149262440192887
Montana,Nevada,0.29679607273227349
Montana,New Mexico St,0.33297451718402704
Montana,North Carolina,0.1514321081583283
Montana,Ohio St,0.22469150512159342
Montana,Oklahoma,0.25457619545173471
Montana,Penn,0.56130265635278787
Montana,Providence,0.19896437017730639
Montana,Purdue,0.12058716755792631
Montana,Radford,0.74367173152911747
Montana,Rhode Island,0.30809754835652925
Montana,S Dakota St,0.38752212424677202
Montana,San Diego St,0.26821549560821745
Montana,Seton Hall,0.20649268002071697
Montana,SF Austin,0.504747090500548
Montana,St Bonaventure,0.29460103864511222
Montana,Syracuse,0.2141970000072918
Montana,TCU,0.21760081743251058
Montana,Tennessee,0.15956476457827828
Montana,Texas,0.23274015390586089
Montana,Texas A&M,0.23922240103864523
Montana,Texas Tech,0.18147562317937449
Montana,TX Southern,0.81960489121215874
Montana,UMBC,0.66232973864655631
Montana,UNC Greensboro,0.45912948427460887
Montana,Villanova,0.059969427423276933
Montana,Virginia,0.064112592705351523
Montana,Virginia Tech,0.18839625212426558
Montana,West Virginia,0.11646907485184355
Montana,Wichita St,0.20350205332935678
Montana,Wright St,0.58435717239271812
Montana,Xavier,0.12244525790887306
Murray St,NC State,0.28864141157410428
Murray St,Nevada,0.34976335233117106
Murray St,New Mexico St,0.38882826669812287
Murray St,North Carolina,0.18529293254872847
Murray St,Ohio St,0.26972651487886323
Murray St,Oklahoma,0.30325812463178614
Murray St,Penn,0.61986436695072444
Murray St,Providence,0.24044203601558733
Murray St,Purdue,0.14876004271351595
Murray St,Radford,0.78712180605179027
Murray St,Rhode Island,0.36204333115003617
Murray St,S Dakota St,0.4464022701977024
Murray St,San Diego St,0.31839159286560081
Murray St,Seton Hall,0.2490518071966209
Murray St,SF Austin,0.5650076937692774
Murray St,St Bonaventure,0.34737009401440666
Murray St,Syracuse,0.25782808141030211
Murray St,TCU,0.26169434001874192
Murray St,Tennessee,0.19482656700910217
Murray St,Texas,0.27880823787261377
Murray St,Texas A&M,0.28609513259952546
Murray St,Texas Tech,0.22031016996824582
Murray St,TX Southern,0.85273246526899371
Murray St,UMBC,0.71427040897201
Murray St,UNC Greensboro,0.51965846985597919
Murray St,Villanova,0.075191017321493137
Murray St,Virginia,0.080295982653494913
Murray St,Virginia Tech,0.22829870236135275
Murray St,West Virginia,0.14383720047935988
Murray St,Wichita St,0.24563560345480939
Murray St,Wright St,0.64180526937390947
Murray St,Xavier,0.15097771261242221
NC State,Nevada,0.57718117511110334
NC State,New Mexico St,0.61752394585133374
NC State,North Carolina,0.36595753839501366
NC State,Ohio St,0.48382600796724629
NC State,Oklahoma,0.52484485902818023
NC State,Penn,0.80537989214765171
NC State,Providence,0.44547628116594284
NC State,Purdue,0.3072372180073758
NC State,Radford,0.90369353840385258
NC State,Rhode Island,0.59019838643551292
NC State,S Dakota St,0.67174194590555847
NC State,San Diego St,0.54242741582783105
NC State,Seton Hall,0.45701047572120601
NC State,SF Austin,0.76724200715950985
NC State,St Bonaventure,0.57460692418507808
NC State,Syracuse,0.46854263296833654
NC State,TCU,0.47355252819464555
NC State,Tennessee,0.38044592806569399
NC State,Texas,0.49522793802504306
NC State,Texas A&M,0.50421657196000824
NC State,Texas Tech,0.4176159803808096
NC State,TX Southern,0.93628422884845319
NC State,UMBC,0.86383421892615808
NC State,UNC Greensboro,0.73301358345171874
NC State,Villanova,0.17104156437457962
NC State,Virginia,0.18137783595629686
NC State,Virginia Tech,0.42882403547668424
NC State,West Virginia,0.29891153414725502
NC State,Wichita St,0.45246044279716513
NC State,Wright St,0.81972717525392969
NC State,Xavier,0.31095439556976012
Nevada,New Mexico St,0.54109382609707946
Nevada,North Carolina,0.29652443958242958
Nevada,Ohio St,0.4063624561476038
Nevada,Oklahoma,0.44649476608281913
Nevada,Penn,0.75137510929246409
Nevada,Providence,0.36975442976529227
Nevada,Purdue,0.24464634712514755
Nevada,Radford,0.87265607267180034
Nevada,Rhode Island,0.51261748976488863
Nevada,S Dakota St,0.5991126861732563
Nevada,San Diego St,0.46401578888973327
Nevada,Seton Hall,0.38067396018151012
Nevada,SF Austin,0.70651090225452884
Nevada,St Bonaventure,0.49659197581445158
Nevada,Syracuse,0.39166930539537281
Nevada,TCU,0.39647042560083656
Nevada,Tennessee,0.30960624108879875
Nevada,Texas,0.41741511192475822
Nevada,Texas A&M,0.42618385772198053
Nevada,Texas Tech,0.34369462783062443
Nevada,TX Southern,0.914759311436809
Nevada,UMBC,0.82247444958417437
Nevada,UNC Greensboro,0.66722518580347234
Nevada,Villanova,0.13095191059069433
Nevada,Virginia,0.13927254134864109
Nevada,Virginia Tech,0.35412510962149679
Nevada,West Virginia,0.23743546143824057
Nevada,Wichita St,0.37635715951873683
Nevada,Wright St,0.76855952381213766
Nevada,Xavier,0.24787721351434056
New Mexico St,North Carolina,0.26201035606867173
New Mexico St,Ohio St,0.36570997644668235
New Mexico St,Oklahoma,0.40456355877662264
New Mexico St,Penn,0.71795037922652793
New Mexico St,Providence,0.33072391522104005
New Mexico St,Purdue,0.21433089892854973
New Mexico St,Radford,0.85233176375719522
New Mexico St,Rhode Island,0.46974660336364082
New Mexico St,S Dakota St,0.55727920330158054
New Mexico St,San Diego St,0.4216927356817245
New Mexico St,Seton Hall,0.34111466009208691
New Mexico St,SF Austin,0.66970605073053469
New Mexico St,St Bonaventure,0.45381339987031344
New Mexico St,Syracuse,0.35161609343449163
New Mexico St,TCU,0.35621373317344662
New Mexico St,Tennessee,0.27416291719981667
New Mexico St,Texas,0.37635792800209866
New Mexico St,Texas A&M,0.38483390964832143
New Mexico St,Texas Tech,0.30607899596932953
New Mexico St,TX Southern,0.90038770292359993
New Mexico St,UMBC,0.79601321990363605
New Mexico St,UNC Greensboro,0.6280871325338776
New Mexico St,Villanova,0.11262433850013809
New Mexico St,Virginia,0.11994116426871704
New Mexico St,Virginia Tech,0.31591741436011866
New Mexico St,West Virginia,0.20776777569858407
New Mexico St,Wichita St,0.33700235570162818
New Mexico St,Wright St,0.73663527406019913
New Mexico St,Xavier,0.21727657261052602
North Carolina,Ohio St,0.61380970683966385
North Carolina,Oklahoma,0.65193023436919328
North Carolina,Penn,0.875265288941385
North Carolina,Providence,0.57666744407751103
North Carolina,Purdue,0.42922980432296798
North Carolina,Radford,0.94086786259143496
North Carolina,Rhode Island,0.70947978105652121
North Carolina,S Dakota St,0.77628511756152141
North Carolina,San Diego St,0.66778679873702051
North Carolina,Seton Hall,0.58799659786948433
North Carolina,SF Austin,0.84824167340727796
North Carolina,St Bonaventure,0.69608967904392971
North Carolina,Syracuse,0.59918667132063619
North Carolina,TCU,0.6040058759906759
North Carolina,Tennessee,0.51010296177366088
North Carolina,Texas,0.6245683736961769
North Carolina,Texas A&M,0.63296082745401616
North Carolina,Texas Tech,0.54872129029334071
North Carolina,TX Southern,0.96141565616388713
North Carolina,UMBC,0.91494618078113288
North Carolina,UNC Greensboro,0.82317957738124148
North Carolina,Villanova,0.25918858782021137
North Carolina,Virginia,0.2730967969032555
North Carolina,Virginia Tech,0.56006419656189566
North Carolina,West Virginia,0.41960060692704282
North Carolina,Wichita St,0.58354396532247765
North Carolina,Wright St,0.88519505301114687
North Carolina,Xavier,0.43349935131838846
Ohio St,Oklahoma,0.53815706433912447
Ohio St,Penn,0.81362348844550647
Ohio St,Providence,0.45871885011983615
Ohio St,Purdue,0.31873241202636449
Ohio St,Radford,0.90824724500037679
Ohio St,Rhode Island,0.60306436609914127
Ohio St,S Dakota St,0.6834210429322769
Ohio St,San Diego St,0.55566405806062846
Ohio St,Seton Hall,0.47030511890071758
Ohio St,SF Austin,0.77665303758635917
Ohio St,St Bonaventure,0.58762038469832611
Ohio St,Syracuse,0.48187503456888547
Ohio St,TCU,0.48689688258793073
Ohio St,Tennessee,0.39312584295926356
Ohio St,Texas,0.50859300758840242
Ohio St,Texas A&M,0.51757548846998247
Ohio St,Texas Tech,0.43067357569421238
Ohio St,TX Southern,0.93940026977571389
Ohio St,UMBC,0.87000149671158333
Ohio St,UNC Greensboro,0.74334560910227787
Ohio St,Villanova,0.17875590259165497
Ohio St,Virginia,0.18945181850065695
Ohio St,Virginia Tech,0.44196612546880032
Ohio St,West Virginia,0.31023472313641698
Ohio St,Wichita St,0.46573625423490339
Ohio St,Wright St,0.82749322628872291
Ohio St,Xavier,0.32252391772553268
Oklahoma,Penn,0.78451790100792096
Oklahoma,Providence,0.4141007333883755
Oklahoma,Purdue,0.28067001940762926
Oklahoma,Radford,0.89195634619843145
Oklahoma,Rhode Island,0.5589033428138499
Oklahoma,S Dakota St,0.642906390337871
Oklahoma,San Diego St,0.51050988121567686
Oklahoma,Seton Hall,0.42544583046905027
Oklahoma,SF Austin,0.74359341304338999
Oklahoma,St Bonaventure,0.54304308002715473
Oklahoma,Syracuse,0.43682225332978686
Oklahoma,TCU,0.44177491418007853
Oklahoma,Tennessee,0.35075345549690473
Oklahoma,Texas,0.46327578686854742
Oklahoma,Texas A&M,0.47222702885758583
Oklahoma,Texas Tech,0.3868338213476723
Oklahoma,TX Southern,0.92820341143411189
Oklahoma,UMBC,0.84805600980614648
Oklahoma,UNC Greensboro,0.70721442918989696
Oklahoma,Villanova,0.15363949785336906
Oklahoma,Virginia,0.16313108994598291
Oklahoma,Virginia Tech,0.39778000755091047
Oklahoma,West Virginia,0.27278078904375613
Oklahoma,Wichita St,0.42096641952943792
Oklahoma,Wright St,0.80002124355512849
Oklahoma,Xavier,0.284197630283615
Penn,Providence,0.16201817262949447
Penn,Purdue,0.096442757314028515
Penn,Radford,0.69309579293386281
Penn,Rhode Island,0.25739798715731355
Penn,S Dakota St,0.32998605623528854
Penn,San Diego St,0.22197332768425759
Penn,Seton Hall,0.16844249393844957
Penn,SF Austin,0.44237732911832828
Penn,St Bonaventure,0.24533491806191454
Penn,Syracuse,0.17504031235149387
Penn,TCU,0.1779628090649148
Penn,Tennessee,0.1287587687766194
Penn,Texas,0.1910176666447776
Penn,Texas A&M,0.19663567818337402
Penn,Texas Tech,0.1471802624311257
Penn,TX Southern,0.77957040264261757
Penn,UMBC,0.60424524104442257
Penn,UNC Greensboro,0.39786812368613789
Penn,Villanova,0.047309194020833112
Penn,Virginia,0.050624794451153976
Penn,Virginia Tech,0.1530375554540423
Penn,West Virginia,0.093061949283080647
Penn,Wichita St,0.16588774015467189
Penn,Wright St,0.52252919545060461
Penn,Xavier,0.097970260030800116
Providence,Purdue,0.37278714915141009
Providence,Radford,0.92633744773073712
Providence,Rhode Island,0.65871536745537906
Providence,S Dakota St,0.73279764603871966
Providence,San Diego St,0.61370378279635329
Providence,Seton Hall,0.53006504336223881
Providence,SF Austin,0.81541575809448452
Providence,St Bonaventure,0.64415902850275386
Providence,Syracuse,0.54160191156046522
Providence,TCU,0.54658956403760506
Providence,Tennessee,0.45143688215196709
Providence,Texas,0.56800110010901617
Providence,Texas A&M,0.57680125068347365
Providence,Texas Tech,0.49005665778982743
Providence,TX Southern,0.95167507144256736
Providence,UMBC,0.89475857094267841
Providence,UNC Greensboro,0.78629837931624524
Providence,Villanova,0.21661982074776365
Providence,Virginia,0.2289497232457316
Providence,Virginia Tech,0.50153461298132196
Providence,West Virginia,0.36361750617180477
Providence,Wichita St,0.52549157184510553
Providence,Wright St,0.85903394443769587
Providence,Xavier,0.3768659633554079
Purdue,Radford,0.95436100880006758
Purdue,Rhode Island,0.76244120892370204
Purdue,S Dakota St,0.82015513913575211
Purdue,San Diego St,0.72540711798830615
Purdue,Seton Hall,0.65224929814734289
Purdue,SF Austin,0.88017914754174797
Purdue,St Bonaventure,0.75063414938424811
Purdue,Syracuse,0.66269534394049445
Purdue,TCU,0.66717509846489276
Purdue,Tennessee,0.57778051812826248
Purdue,Texas,0.68616179825471324
Purdue,Texas A&M,0.69385228984313696
Purdue,Texas Tech,0.61508950291923847
Purdue,TX Southern,0.97036774602475606
Purdue,UMBC,0.93393899365672028
Purdue,UNC Greensboro,0.85951785061854169
Purdue,Villanova,0.31498003897844817
Purdue,Virginia,0.33054623074272671
Purdue,Virginia Tech,0.62590153840007801
Purdue,West Virginia,0.48721236208479202
Purdue,Wichita St,0.64807545560732815
Purdue,Wright St,0.9101791966807915
Purdue,Xavier,0.50141587575729685
Radford,Rhode Island,0.14029947040385615
Radford,S Dakota St,0.18823552951574218
Radford,San Diego St,0.11842067122304201
Radford,Seton Hall,0.087067826030008511
Radford,SF Austin,0.27194288627858909
Radford,St Bonaventure,0.13274329359162929
Radford,Syracuse,0.090826377456446061
Radford,TCU,0.092500483178411419
Radford,Tennessee,0.065055502828519018
Radford,Texas,0.10004908767337151
Radford,Texas A&M,0.10333337156538291
Radford,Texas Tech,0.075149113235752685
Radford,TX Southern,0.62478221761463115
Radford,UMBC,0.41822050162159241
Radford,UNC Greensboro,0.23728472594492545
Radford,Villanova,0.02284632024276978
Radford,Virginia,0.02449154808110976
Radford,Virginia Tech,0.078403341226824574
Radford,West Virginia,0.046085447524101819
Radford,Wichita St,0.085620197248710284
Radford,Wright St,0.34004576621304028
Radford,Xavier,0.048649008389497372
Rhode Island,S Dakota St,0.59560485288608023
Rhode Island,San Diego St,0.46039054858211781
Rhode Island,Seton Hall,0.37724156500843664
Rhode Island,SF Austin,0.70347770457446357
Rhode Island,St Bonaventure,0.492946299149571
Rhode Island,Syracuse,0.38819991184432479
Rhode Island,TCU,0.39298597738462926
Rhode Island,Tennessee,0.30649751669494374
Rhode Island,Texas,0.41387281857350888
Rhode Island,Texas A&M,0.42262113211978392
Rhode Island,Texas Tech,0.34041239243046806
Rhode Island,TX Southern,0.91361519909779909
Rhode Island,UMBC,0.82033495844888527
Rhode Island,UNC Greensboro,0.66397907569355208
Rhode Island,Villanova,0.12930107302746796
Rhode Island,Virginia,0.13753341043659306
Rhode Island,Virginia Tech,0.35079650613103541
Rhode Island,West Virginia,0.23480493764130816
Rhode Island,Wichita St,0.37294024903243617
Rhode Island,Wright St,0.76595516351142601
Rhode Island,Xavier,0.24516819927512246
S Dakota St,San Diego St,0.36253818512975078
S Dakota St,Seton Hall,0.2876413656226583
S Dakota St,SF Austin,0.61261548542873501
S Dakota St,St Bonaventure,0.39321672691032827
S Dakota St,Syracuse,0.29723923462062685
S Dakota St,TCU,0.30145643383207144
S Dakota St,Tennessee,0.22756020222941487
S Dakota St,Texas,0.32004344544593211
S Dakota St,Texas A&M,0.32791803147004073
S Dakota St,Texas Tech,0.25596429174124369
S Dakota St,TX Southern,0.87577379034070335
S Dakota St,UMBC,0.75269252817705246
S Dakota St,UNC Greensboro,0.56843850592137657
S Dakota St,Villanova,0.090072768608205456
S Dakota St,Virginia,0.096083132344882416
S Dakota St,Virginia Tech,0.26480657095697269
S Dakota St,West Virginia,0.16981065965785613
S Dakota St,Wichita St,0.28389594707106336
S Dakota St,Wright St,0.68568374564222634
S Dakota St,Xavier,0.17797254185828904
San Diego St,Seton Hall,0.40494902202656546
San Diego St,SF Austin,0.72716790588889202
San Diego St,St Bonaventure,0.52202832954765443
San Diego St,Syracuse,0.41617436156430221
San Diego St,TCU,0.42106794954297211
San Diego St,Tennessee,0.33177717633280679
San Diego St,Texas,0.4423596442102109
San Diego St,Texas A&M,0.45124652459322445
San Diego St,Texas Tech,0.36700897700022894
San Diego St,TX Southern,0.92236944903041185
San Diego St,UMBC,0.83685419898315228
San Diego St,UNC Greensboro,0.68943180335841048
San Diego St,Villanova,0.14297888434287986
San Diego St,Virginia,0.15193010582551547
San Diego St,Virginia Tech,0.37773977339037434
San Diego St,West Virginia,0.2563572817287717
San Diego St,Wichita St,0.40053497364698631
San Diego St,Wright St,0.78617105077516647
San Diego St,Xavier,0.26733943556407547
Seton Hall,SF Austin,0.79825396189575537
Seton Hall,St Bonaventure,0.61852367479407699
Seton Hall,Syracuse,0.51415077513348018
Seton Hall,TCU,0.51917194346639772
Seton Hall,Tennessee,0.42432543468344053
Seton Hall,Texas,0.54079046360535021
Seton Hall,Texas A&M,0.54970548182941781
Seton Hall,Texas Tech,0.46258167758583946
Seton Hall,TX Southern,0.94634848051367204
Seton Hall,UMBC,0.8839235815051173
Seton Hall,UNC Greensboro,0.76720227694237297
Seton Hall,Villanova,0.19850740698240887
Seton Hall,Virginia,0.21008283399582262
Seton Hall,Virginia Tech,0.47401429299634024
Seton Hall,West Virginia,0.33852543211403119
Seton Hall,Wichita St,0.49796994526252558
Seton Hall,Wright St,0.8451574675650716
Seton Hall,Xavier,0.35136442952086233
SF Austin,St Bonaventure,0.29694246138598679
SF Austin,Syracuse,0.21609515391010448
SF Austin,TCU,0.2195207085349512
SF Austin,Tennessee,0.16107802354579337
SF Austin,Texas,0.23475354125182446
SF Austin,Texas A&M,0.24127423100636569
SF Austin,Texas Tech,0.18315139374479383
SF Austin,TX Southern,0.82126096105621671
SF Austin,UMBC,0.66483920946888309
SF Austin,UNC Greensboro,0.46192225256020647
SF Austin,Villanova,0.060606270230988413
SF Austin,Virginia,0.064790401164845135
SF Austin,Virginia Tech,0.19012108507509107
SF Austin,West Virginia,0.11763083276390918
SF Austin,Wichita St,0.20533019646182449
SF Austin,Wright St,0.58708485528594601
SF Austin,Xavier,0.12365828400774614
St Bonaventure,Syracuse,0.39774532491348802
St Bonaventure,TCU,0.40257163704854182
St Bonaventure,Tennessee,0.31506855000149836
St Bonaventure,Texas,0.42361240783972676
St Bonaventure,Texas A&M,0.43241471163325673
St Bonaventure,Texas Tech,0.34945393498276511
St Bonaventure,TX Southern,0.9167215813778874
St Bonaventure,UMBC,0.82615741822527311
St Bonaventure,UNC Greensboro,0.67284784370935236
St Bonaventure,Villanova,0.13387345592855382
St Bonaventure,Virginia,0.14234931382809979
St Bonaventure,Virginia Tech,0.3599633371532871
St Bonaventure,West Virginia,0.24207092946160769
St Bonaventure,Wichita St,0.38234493669606773
St Bonaventure,Wright St,0.77305238067303028
St Bonaventure,Xavier,0.25264899634335181
Syracuse,TCU,0.49516423620170413
Syracuse,Tennessee,0.40104547223470022
Syracuse,Texas,0.51685766554464019
Syracuse,Texas A&M,0.52582992156805997
Syracuse,Texas Tech,0.43880268967678548
Syracuse,TX Southern,0.94125632626440336
Syracuse,UMBC,0.87369732639912212
Syracuse,UNC Greensboro,0.74960589667859301
Syracuse,Villanova,0.1836639502693036
Syracuse,Virginia,0.19458395808469187
Syracuse,Virginia Tech,0.4501398618542849
Syracuse,West Virginia,0.31735772390973394
Syracuse,Wichita St,0.47397620921172756
Syracuse,Wright St,0.83216442010073632
Syracuse,Xavier,0.32979417087858143
TCU,Tennessee,0.4005946161965831
TCU,Texas,0.51638886199692458
TCU,Texas A&M,0.52536182916757557
TCU,Texas Tech,0.4383404512343958
TCU,TX Southern,0.94115243955142436
TCU,UMBC,0.87349002156866495
TCU,UNC Greensboro,0.74925337020868887
TCU,Villanova,0.18338265258580544
TCU,Virginia,0.19428991601851908
TCU,Virginia Tech,0.44967525014421306
TCU,West Virginia,0.31695116408392809
TCU,Wichita St,0.47350818124634786
TCU,Wright St,0.83190206158588031
TCU,Xavier,0.3293793663202238
Tennessee,Texas,0.62039908436823166
Tennessee,Texas A&M,0.62882935127617368
Tennessee,Texas Tech,0.54432422877235509
Tennessee,TX Southern,0.96075209266372885
Tennessee,UMBC,0.91355530388133932
Tennessee,UNC Greensboro,0.82058232225483252
Tennessee,Villanova,0.255796536957417
Tennessee,Virginia,0.26958896538680588
Tennessee,Virginia Tech,0.55568816459469184
Tennessee,West Virginia,0.41528606848424654
Tennessee,Wichita St,0.57922601886347447
Tennessee,Wright St,0.8833796709724806
Tennessee,Xavier,0.42914756963413692
Texas,Texas A&M,0.5082546514773747
Texas,Texas Tech,0.42155021507236468
Texas,TX Southern,0.9372412021352543
Texas,UMBC,0.86572329123641167
Texas,UNC Greensboro,0.73616325160564278
Texas,Villanova,0.17334429860145584
Texas,Virginia,0.18378887485272966
Texas,Virginia Tech,0.43278539278387285
Texas,West Virginia,0.30230797396593545
Texas,Wichita St,0.45646565104416725
Texas,Wright St,0.82210214205134402
Texas,Xavier,0.31442630459620291
Texas A&M,Texas Tech,0.40411626924964872
Texas A&M,TX Southern,0.93287482061377602
Texas A&M,UMBC,0.85713956372529332
Texas A&M,UNC Greensboro,0.72195729485753768
Texas A&M,Villanova,0.16327786416524825
Texas A&M,Virginia,0.17324301635354622
Texas A&M,Virginia Tech,0.41522032990503488
Texas A&M,West Virginia,0.28735569925026616
Texas A&M,Wichita St,0.43868280377734126
Texas A&M,Wright St,0.81133758883708063
Texas A&M,Xavier,0.29913163217771455
Texas Tech,TX Southern,0.95268008339424437
Texas Tech,UMBC,0.89681893718993255
Texas Tech,UNC Greensboro,0.78998373053353266
Texas Tech,Villanova,0.22038872294052092
Texas Tech,Virginia,0.23286937969438914
Texas Tech,Virginia Tech,0.50705208962383286
Texas Tech,West Virginia,0.36874011903277693
Texas Tech,Wichita St,0.53099185067861154
Texas Tech,Wright St,0.86168559505300313
Texas Tech,Xavier,0.38206316494469172
TX Southern,UMBC,0.2981628275223549
TX Southern,UNC Greensboro,0.15530259897400489
TX Southern,Villanova,0.013628997455286229
TX Southern,Virginia,0.014620391336239713
TX Southern,Virginia Tech,0.047869656500465818
TX Southern,West Virginia,0.027758669118169266
TX Southern,Wichita St,0.05243586534582767
TX Southern,Wright St,0.23342543784015979
TX Southern,Xavier,0.029334129363144279
UMBC,UNC Greensboro,0.30101451828421844
UMBC,Villanova,0.031349627545764203
UMBC,Virginia,0.033586155245169835
UMBC,Virginia Tech,0.10535526356615776
UMBC,West Virginia,0.062683406212634019
UMBC,Wichita St,0.11474410300051219
UMBC,Wright St,0.41631050911813983
UMBC,Xavier,0.066106265913738138
UNC Greensboro,Villanova,0.068658959368446348
UNC Greensboro,Virginia,0.073355618766381414
UNC Greensboro,Virginia Tech,0.21150771563565351
UNC Greensboro,West Virginia,0.13219408635561414
UNC Greensboro,Wichita St,0.22794615746367808
UNC Greensboro,Wright St,0.61899618062425954
UNC Greensboro,Xavier,0.13885033768748378
Villanova,Virginia,0.51322996419264144
Villanova,Virginia Tech,0.78131086083421641
Villanova,West Virginia,0.66984543830358301
Villanova,Wichita St,0.79725703490789501
Villanova,Wright St,0.95582740060711069
Villanova,Xavier,0.68228903306029709
Virginia,Virginia Tech,0.77334742645636223
Virginia,West Virginia,0.65959149538456363
Virginia,Wichita St,0.78971798929741255
Virginia,Wright St,0.95384346026309152
Virginia,Xavier,0.67223245501329942
Virginia Tech,West Virginia,0.36435216731117692
Virginia Tech,Wichita St,0.52628281616848338
Virginia Tech,Wright St,0.85941779870948087
Virginia Tech,Xavier,0.3776115089060974
West Virginia,Wichita St,0.67045448571687083
West Virginia,Wright St,0.91799983026411525
West Virginia,Xavier,0.52630432199944854
Wichita St,Wright St,0.84225823093781838
Wichita St,Xavier,0.3463699628700907
Wright St,Xavier,0.087616502494685777
