Alabama,Arizona,0.21115568348799008
Alabama,Arizona St,0.47343233624073644
Alabama,Arkansas,0.36870614027921
Alabama,Auburn,0.39833286379388699
Alabama,Bucknell,0.69970714568420345
Alabama,Buffalo,0.69036833793953423
Alabama,Butler,0.4385772515507278
Alabama,Cincinnati,0.1828897393098553
Alabama,Clemson,0.38087151502625827
Alabama,Col Charleston,0.68444439850556194
Alabama,Creighton,0.35214866148845114
Alabama,CS Fullerton,0.87088040061398186
Alabama,Davidson,0.53768457034121475
Alabama,Duke,0.17375590838206056
Alabama,Florida,0.32823907778882588
Alabama,Florida St,0.30583283865447008
Alabama,Georgia St,0.80876348331845282
Alabama,Gonzaga,0.17076901741379191
Alabama,Houston,0.37178574617535021
Alabama,Iona,0.82277322578422618
Alabama,Kansas,0.16711584526616452
Alabama,Kansas St,0.33348340324924197
Alabama,Kentucky,0.261417014102725
Alabama,Lipscomb,0.85759031493906368
Alabama,Long Island,0.94824270474553263
Alabama,Loyola-Chicago,0.59978256482233183
Alabama,Marshall,0.72919165340017722
Alabama,Miami FL,0.3268730610334184
Alabama,Michigan,0.21121044043952375
Alabama,Michigan St,0.22640475522291781
Alabama,Missouri,0.58456613994610551
Alabama,Montana,0.80721113272860001
Alabama,Murray St,0.76169346218045919
Alabama,NC Central,0.96261759817625303
Alabama,NC State,0.47047460734686419
Alabama,Nevada,0.39335778678938405
Alabama,New Mexico St,0.62131659068877088
Alabama,North Carolina,0.25343529133192866
Alabama,Ohio St,0.4417377577580357
Alabama,Oklahoma,0.4827263025021159
Alabama,Penn,0.81059959978500062
Alabama,Providence,0.36704208239775216
Alabama,Purdue,0.2085482090919859
Alabama,Radford,0.92115012233119153
Alabama,Rhode Island,0.45338127088488345
Alabama,S Dakota St,0.67278434065643955
Alabama,San Diego St,0.56709095451800418
Alabama,Seton Hall,0.36489896631742658
Alabama,SF Austin,0.8238801773685358
Alabama,St Bonaventure,0.46000900006969281
Alabama,Syracuse,0.41656221529125681
Alabama,TCU,0.37452383289651137
Alabama,Tennessee,0.29573224851649804
Alabama,Texas,0.4566705603470298
Alabama,Texas A&M,0.46600481608069311
Alabama,Texas Tech,0.3380390457094099
Alabama,TX Southern,0.95089523548886035
Alabama,UCLA,0.3189215081115101
Alabama,UMBC,0.84195907901873324
Alabama,UNC Greensboro,0.71829373457382617
Alabama,Villanova,0.12131383217109115
Alabama,Virginia,0.14549011635737163
Alabama,Virginia Tech,0.30957906468936902
Alabama,West Virginia,0.19968299445073212
Alabama,Wichita St,0.25687918047462543
Alabama,Wright St,0.83307503719347975
Alabama,Xavier,0.19929067620225982
Arizona,Arizona St,0.76715844249022758
Arizona,Arkansas,0.68155658537139296
Arizona,Auburn,0.70812388642721036
Arizona,Bucknell,0.8951639970347407
Arizona,Buffalo,0.89095641603178655
Arizona,Butler,0.74111421420100843
Arizona,Cincinnati,0.45061538262277845
Arizona,Clemson,0.69271760652445735
Arizona,Col Charleston,0.88824895698966444
Arizona,Creighton,0.6657662750820279
Arizona,CS Fullerton,0.96111447816819928
Arizona,Davidson,0.8099569792311152
Arizona,Duke,0.43523274598533368
Arizona,Florida,0.64165296425904561
Arizona,Florida St,0.61751923582958934
Arizona,Georgia St,0.93938605400929454
Arizona,Gonzaga,0.43009075233999616
Arizona,Houston,0.68441630503294681
Arizona,Iona,0.94448342301864718
Arizona,Kansas,0.4237247538995752
Arizona,Kansas St,0.64708125764172275
Arizona,Kentucky,0.56465826867576863
Arizona,Lipscomb,0.95664973347984994
Arizona,Long Island,0.98532391410890663
Arizona,Loyola-Chicago,0.84596070669388923
Arizona,Marshall,0.90798123722247526
Arizona,Miami FL,0.64022571741376755
Arizona,Michigan,0.4952654910801999
Arizona,Michigan St,0.51748824672052174
Arizona,Missouri,0.83756929112480649
Arizona,Montana,0.93881380655527935
Arizona,Murray St,0.9213398544178022
Arizona,NC Central,0.98951388883236058
Arizona,NC State,0.7650317341424091
Arizona,Nevada,0.70380564355562214
Arizona,New Mexico St,0.85739818685428026
Arizona,North Carolina,0.55436725584159641
Arizona,Ohio St,0.74356740127066068
Arizona,Oklahoma,0.77374570069855397
Arizona,Penn,0.94006097291965551
Arizona,Providence,0.68000146816857421
Arizona,Purdue,0.49125270390313946
Arizona,Radford,0.9771744181282912
Arizona,Rhode Island,0.75244364912327033
Arizona,S Dakota St,0.8828304724670708
Arizona,San Diego St,0.82759792382769204
Arizona,Seton Hall,0.67798835381855949
Arizona,SF Austin,0.94488110424039418
Arizona,St Bonaventure,0.75738567570543958
Arizona,Syracuse,0.72348284781568539
Arizona,TCU,0.68693916291773416
Arizona,Tennessee,0.60611287499370503
Arizona,Texas,0.75490617965086693
Arizona,Texas A&M,0.76178942665830807
Arizona,Texas Tech,0.65173192756451415
Arizona,TX Southern,0.98610390423518723
Arizona,UCLA,0.63180623878528652
Arizona,UMBC,0.95127372333041227
Arizona,UNC Greensboro,0.90332430912900252
Arizona,Villanova,0.33596207607105455
Arizona,Virginia,0.38421065908945018
Arizona,Virginia Tech,0.62166422887140693
Arizona,West Virginia,0.47762224835279721
Arizona,Wichita St,0.55883941160105677
Arizona,Wright St,0.94815626922042229
Arizona,Xavier,0.47700933225032782
Arizona St,Arkansas,0.3791793800476978
Arizona St,Auburn,0.40910230031463135
Arizona St,Bucknell,0.70902272617152584
Arizona St,Buffalo,0.69984934994135406
Arizona St,Butler,0.44962164800481053
Arizona St,Cincinnati,0.18967061018256071
Arizona St,Clemson,0.39147602799548042
Arizona St,Col Charleston,0.69402640937886106
Arizona St,Creighton,0.36242158816505243
Arizona St,CS Fullerton,0.87582824331936737
Arizona St,Davidson,0.54878514609141305
Arizona St,Duke,0.18027284424001833
Arizona St,Florida,0.33817860279515422
Arizona St,Florida St,0.31541244490021414
Arizona St,Georgia St,0.81558759625428023
Arizona St,Gonzaga,0.17719795169787078
Arizona St,Houston,0.38229348953077258
Arizona St,Iona,0.82920298871192988
Arizona St,Kansas,0.1734360136885098
Arizona St,Kansas St,0.34350052950811871
Arizona St,Kentucky,0.27014680628839471
Arizona St,Lipscomb,0.8629672975635907
Arizona St,Long Island,0.95039489388708165
Arizona St,Loyola-Chicago,0.61047229472950804
Arizona St,Marshall,0.73793514727977083
Arizona St,Miami FL,0.33679195974568898
Arizona St,Michigan,0.21876022004793116
Arizona St,Michigan St,0.23433630658551463
Arizona St,Missouri,0.59538812241966843
Arizona St,Montana,0.81407790569108807
Arizona St,Murray St,0.76971897735300954
Arizona St,NC Central,0.96419461625623215
Arizona St,NC State,0.48163316191294592
Arizona St,Nevada,0.40408305179282811
Arizona St,New Mexico St,0.63178425644417602
Arizona St,North Carolina,0.2619930899414159
Arizona St,Ohio St,0.45279755323264359
Arizona St,Oklahoma,0.49390440438306837
Arizona St,Penn,0.81737298760195043
Arizona St,Providence,0.37749631904458847
Arizona St,Purdue,0.216028888911593
Arizona St,Radford,0.92433899418476029
Arizona St,Rhode Island,0.46449003324722593
Arizona St,S Dakota St,0.68255620129787298
Arizona St,San Diego St,0.57803956472984064
Arizona St,Seton Hall,0.37532835773456041
Arizona St,SF Austin,0.83027806447410035
Arizona St,St Bonaventure,0.47114018605878405
Arizona St,Syracuse,0.42747434129294093
Arizona St,TCU,0.38506152890356371
Arizona St,Tennessee,0.30513454516623473
Arizona St,Texas,0.46779094519463127
Arizona St,Texas A&M,0.47715288547451984
Arizona St,Texas Tech,0.34812154127839634
Arizona St,TX Southern,0.95294259986954877
Arizona St,UCLA,0.3287169500151127
Arizona St,UMBC,0.8478215237108373
Arizona St,UNC Greensboro,0.72725747911955152
Arizona St,Villanova,0.12616420025726616
Arizona St,Virginia,0.15114083490050101
Arizona St,Virginia Tech,0.31922205223596734
Arizona St,West Virginia,0.20692881864063006
Arizona St,Wichita St,0.26551191144606578
Arizona St,Wright St,0.83920409405984675
Arizona St,Xavier,0.20652593813259035
Arkansas,Auburn,0.52626411857929023
Arkansas,Bucknell,0.7963236248583645
Arkansas,Buffalo,0.78908377859300072
Arkansas,Butler,0.56724790843260209
Arkansas,Cincinnati,0.27302653976427271
Arkansas,Clemson,0.50792905829257129
Arkansas,Col Charleston,0.78445882681996415
Arkansas,Creighton,0.47700667681711739
Arkansas,CS Fullerton,0.91881357391489482
Arkansas,Davidson,0.66118832939860472
Arkansas,Duke,0.26082806321068153
Arkansas,Florida,0.45051486622547265
Arkansas,Florida St,0.4250431015525894
Arkansas,Georgia St,0.87648588646591818
Arkansas,Gonzaga,0.25680961228857091
Arkansas,Houston,0.49825152839285769
Arkansas,Iona,0.88623226602329674
Arkansas,Kansas,0.25187489859789225
Arkansas,Kansas St,0.45638554752961824
Arkansas,Kentucky,0.37260745332977652
Arkansas,Lipscomb,0.90994701161867253
Arkansas,Long Island,0.96849553889618911
Arkansas,Loyola-Chicago,0.71547567183179428
Arkansas,Marshall,0.81877869334860431
Arkansas,Miami FL,0.4489800895539362
Arkansas,Michigan,0.31000948481678248
Arkansas,Michigan St,0.32934371678788288
Arkansas,Missouri,0.70247595666162421
Arkansas,Montana,0.87539857425757894
Arkansas,Murray St,0.84284572922081136
Arkansas,NC Central,0.97737966301286339
Arkansas,NC State,0.59852679321721947
Arkansas,Nevada,0.52107501553211788
Arkansas,New Mexico St,0.73355013825229276
Arkansas,North Carolina,0.36289888398439052
Arkansas,Ohio St,0.57039359854818761
Arkansas,Oklahoma,0.61027000849392643
Arkansas,Penn,0.87777005007941045
Arkansas,Providence,0.49316097480277499
Arkansas,Purdue,0.30658595939466449
Arkansas,Radford,0.95146172901448667
Arkansas,Rhode Island,0.58189356314017915
Arkansas,S Dakota St,0.77528103213654742
Arkansas,San Diego St,0.6873075363213379
Arkansas,Seton Hall,0.49085253099865223
Arkansas,SF Austin,0.88699729280999562
Arkansas,St Bonaventure,0.58837777250457268
Arkansas,Syracuse,0.54504445018085412
Arkansas,TCU,0.50117795726958025
Arkansas,Tennessee,0.41334980340983696
Arkansas,Texas,0.58511718638392596
Arkansas,Texas A&M,0.59420560327713368
Arkansas,Texas Tech,0.46145772820298769
Arkansas,TX Southern,0.97014280554115617
Arkansas,UCLA,0.43999978776118986
Arkansas,UMBC,0.89938836627718755
Arkansas,UNC Greensboro,0.81054929407019394
Arkansas,Villanova,0.18808871584472842
Arkansas,Virginia,0.22220713016731009
Arkansas,Virginia Tech,0.42934639977079214
Arkansas,West Virginia,0.29510716967129125
Arkansas,Wichita St,0.36709883448003999
Arkansas,Wright St,0.89332360192519744
Arkansas,Xavier,0.29459638249364162
Auburn,Bucknell,0.76857696010294529
Auburn,Buffalo,0.76064728334860243
Auburn,Butler,0.52683703468999354
Auburn,Cincinnati,0.24186147576026518
Auburn,Clemson,0.46718197163221564
Auburn,Col Charleston,0.75559191580505258
Auburn,Creighton,0.43653953815617652
Auburn,CS Fullerton,0.90577924851625347
Auburn,Davidson,0.62373086582212811
Auburn,Duke,0.23061370635237488
Auburn,Florida,0.41053100948703014
Auburn,Florida St,0.38573294359299459
Auburn,Georgia St,0.85770833399886448
Auburn,Gonzaga,0.22691785045690127
Auburn,Houston,0.45755889213040324
Auburn,Iona,0.8687144910856911
Auburn,Kansas,0.22238564710784547
Auburn,Kansas St,0.4162753789275101
Auburn,Kentucky,0.33531854288916296
Auburn,Lipscomb,0.89565084381522186
Auburn,Long Island,0.96311737489578142
Auburn,Loyola-Chicago,0.68112546982379085
Auburn,Marshall,0.79329702542499747
Auburn,Miami FL,0.40903105044246646
Auburn,Michigan,0.27622697049296108
Auburn,Michigan St,0.29435311568686606
Auburn,Missouri,0.66728614492558114
Auburn,Montana,0.85648278706675263
Auburn,Murray St,0.82000420732744983
Auburn,NC Central,0.97347658395247061
Auburn,NC State,0.55876478051886203
Auburn,Nevada,0.48030270746514192
Auburn,New Mexico St,0.70046850951479345
Auburn,North Carolina,0.32607659656295707
Auburn,Ohio St,0.53003310155840788
Auburn,Oklahoma,0.57083710198657611
Auburn,Penn,0.85915635442015337
Auburn,Providence,0.45250913836583806
Auburn,Purdue,0.27302889157721311
Auburn,Radford,0.94334580461840534
Auburn,Rhode Island,0.54174547106944049
Auburn,S Dakota St,0.74558360342387697
Auburn,San Diego St,0.65121443494677989
Auburn,Seton Hall,0.4502219508851858
Auburn,SF Austin,0.86957998010902804
Auburn,St Bonaventure,0.54836906393402085
Auburn,Syracuse,0.50437179472790317
Auburn,TCU,0.46046565625804514
Auburn,Tennessee,0.37441684804417907
Auburn,Texas,0.54503661606113551
Auburn,Texas A&M,0.55433428848506128
Auburn,Texas Tech,0.42124721558485145
Auburn,TX Southern,0.96503569635160369
Auburn,UCLA,0.40026935451894574
Auburn,UMBC,0.88363034825713205
Auburn,UNC Greensboro,0.78421544232661144
Auburn,Villanova,0.16442613102735737
Auburn,Virginia,0.19528466264171795
Auburn,Virginia Tech,0.38990814918622707
Auburn,West Virginia,0.26233118266084943
Auburn,Wichita St,0.33007117485360393
Auburn,Wright St,0.87674588018926125
Auburn,Xavier,0.26185605148903046
Bucknell,Buffalo,0.47835571729690929
Bucknell,Butler,0.24316383662459073
Bucknell,Cincinnati,0.084295615541332358
Bucknell,Clemson,0.20192215721969875
Bucknell,Col Charleston,0.47148083030712473
Bucknell,Creighton,0.18271191346709259
Bucknell,CS Fullerton,0.7350295530938078
Bucknell,Davidson,0.32356234636370618
Bucknell,Duke,0.079606034890172039
Bucknell,Florida,0.16733502735866768
Bucknell,Florida St,0.15340417793350969
Bucknell,Georgia St,0.63495242875580538
Bucknell,Gonzaga,0.078084642251739389
Bucknell,Houston,0.19575553329916573
Bucknell,Iona,0.6562838786892996
Bucknell,Kansas,0.076231942581551859
Bucknell,Kansas St,0.17066167633936447
Bucknell,Kentucky,0.12707305371997346
Bucknell,Lipscomb,0.71237467886785844
Bucknell,Long Island,0.88283674048840777
Bucknell,Loyola-Chicago,0.38132833349019946
Bucknell,Marshall,0.52549090293149248
Bucknell,Miami FL,0.16647269345348192
Bucknell,Michigan,0.099202458791316284
Bucknell,Michigan St,0.1074365088152307
Bucknell,Missouri,0.36657774693119627
Bucknell,Montana,0.63263006026194635
Bucknell,Murray St,0.56795519376228398
Bucknell,NC Central,0.91372446849175459
Bucknell,NC State,0.26762375625760471
Bucknell,Nevada,0.21053680503782179
Bucknell,New Mexico St,0.40291522877961161
Bucknell,North Carolina,0.12251279383879432
Bucknell,Ohio St,0.24553200240002471
Bucknell,Oklahoma,0.27735988540361478
Bucknell,Penn,0.63770980209234718
Bucknell,Providence,0.19256938794430634
Bucknell,Purdue,0.097777040735671394
Bucknell,Radford,0.82772716447549355
Bucknell,Rhode Island,0.25436020297885442
Bucknell,S Dakota St,0.45818098045598543
Bucknell,San Diego St,0.35012698264893483
Bucknell,Seton Hall,0.19113736809624449
Bucknell,SF Austin,0.65799846765369885
Bucknell,St Bonaventure,0.25945952712471565
Bucknell,Syracuse,0.22699190939632996
Bucknell,TCU,0.19760499762809092
Bucknell,Tennessee,0.14726975542174525
Bucknell,Texas,0.25688415424872812
Bucknell,Texas A&M,0.264119906863858
Bucknell,Texas Tech,0.17357228564757299
Bucknell,TX Southern,0.88844695062416612
Bucknell,UCLA,0.16148696659957251
Bucknell,UMBC,0.68662855898356234
Bucknell,UNC Greensboro,0.51188289342785565
Bucknell,Villanova,0.053731847286378476
Bucknell,Virginia,0.065443001656496524
Bucknell,Virginia Tech,0.15570206576085099
Bucknell,West Virginia,0.093066910869469721
Bucknell,Wichita St,0.12447422478621095
Bucknell,Wright St,0.67241016300625867
Bucknell,Xavier,0.092859757369390006
Buffalo,Butler,0.25134948624794062
Buffalo,Cincinnati,0.087753355256981358
Buffalo,Clemson,0.20910305775279636
Buffalo,Col Charleston,0.48245290986781919
Buffalo,Creighton,0.18937175103834347
Buffalo,CS Fullerton,0.74350681627981419
Buffalo,Davidson,0.33326270436330019
Buffalo,Duke,0.082888824238576242
Buffalo,Florida,0.17355339928505009
Buffalo,Florida St,0.15920384339018456
Buffalo,Georgia St,0.64508547442712882
Buffalo,Gonzaga,0.081310235045194523
Buffalo,Houston,0.20277285139771684
Buffalo,Iona,0.66613614576354596
Buffalo,Kansas,0.07938759272041751
Buffalo,Kansas St,0.17697739546752989
Buffalo,Kentucky,0.13203248611761398
Buffalo,Lipscomb,0.72130192443549745
Buffalo,Long Island,0.887310165652198
Buffalo,Loyola-Chicago,0.39175753007562797
Buffalo,Marshall,0.536444135747977
Buffalo,Miami FL,0.17266566510120918
Buffalo,Michigan,0.10320275122777745
Buffalo,Michigan St,0.11172765260194828
Buffalo,Missouri,0.37684925597308128
Buffalo,Montana,0.64279130435150011
Buffalo,Murray St,0.57871404960802664
Buffalo,NC Central,0.91712926742539846
Buffalo,NC State,0.27633216825002427
Buffalo,Nevada,0.21794040448561414
Buffalo,New Mexico St,0.41354018090498013
Buffalo,North Carolina,0.12732020648211406
Buffalo,Ohio St,0.25377064141614514
Buffalo,Oklahoma,0.28626127778418053
Buffalo,Penn,0.64780876265188769
Buffalo,Providence,0.19950082329483609
Buffalo,Purdue,0.10172634495292476
Buffalo,Radford,0.83390887511015954
Buffalo,Rhode Island,0.26279188667833353
Buffalo,S Dakota St,0.46911827406450046
Buffalo,San Diego St,0.36019966370139855
Buffalo,Seton Hall,0.19802990048105162
Buffalo,SF Austin,0.66782646318134509
Buffalo,St Bonaventure,0.26799949117423827
Buffalo,Syracuse,0.23480205642214402
Buffalo,TCU,0.20467174188574611
Buffalo,Tennessee,0.15287938075374141
Buffalo,Texas,0.26536972724941243
Buffalo,Texas A&M,0.27275676650466407
Buffalo,Texas Tech,0.17997234378835836
Buffalo,TX Southern,0.89273219821265903
Buffalo,UCLA,0.16753174238715085
Buffalo,UMBC,0.69601391192085216
Buffalo,UNC Greensboro,0.52286503150951302
Buffalo,Villanova,0.056012572790551163
Buffalo,Virginia,0.068185004767021606
Buffalo,Virginia Tech,0.16157202616596422
Buffalo,West Virginia,0.096846390057713672
Buffalo,Wichita St,0.12934725876015196
Buffalo,Wright St,0.68202414812682433
Buffalo,Xavier,0.096631720324188763
Butler,Cincinnati,0.22614558215327718
Butler,Clemson,0.44542703176064991
Butler,Col Charleston,0.73903486801290197
Butler,Creighton,0.41509985161259944
Butler,CS Fullerton,0.89802327065050758
Butler,Davidson,0.60293525508881052
Butler,Duke,0.21542100831617117
Butler,Florida,0.38948571974631052
Butler,Florida St,0.36517136985439247
Butler,Georgia St,0.84666516891690058
Butler,Gonzaga,0.21190157466482917
Butler,Houston,0.43588547459741067
Butler,Iona,0.8583844737088171
Butler,Kansas,0.20758875526648779
Butler,Kansas St,0.39513300610228053
Butler,Kentucky,0.31606158488574621
Butler,Lipscomb,0.88716498618628525
Butler,Long Island,0.95987220344995416
Butler,Loyola-Chicago,0.66178187846589731
Butler,Marshall,0.77854562668639438
Butler,Miami FL,0.38801203975020682
Butler,Michigan,0.25904102789666528
Butler,Michigan St,0.27647020647760356
Butler,Missouri,0.64753745959287679
Butler,Montana,0.84536165639324312
Butler,Murray St,0.80669433868507412
Butler,NC Central,0.97111554707094672
Butler,NC State,0.53704366260664238
Butler,Nevada,0.45846250386229981
Butler,New Mexico St,0.68175005133955846
Butler,North Carolina,0.30710516656161602
Butler,Ohio St,0.5081426207992028
Butler,Oklahoma,0.5492308470180518
Butler,Penn,0.84820568065465851
Butler,Providence,0.43088491251788053
Butler,Purdue,0.25597155332685384
Butler,Radford,0.93847213746559244
Butler,Rhode Island,0.51990639159004282
Butler,S Dakota St,0.72859209410110337
Butler,San Diego St,0.63103926091987161
Butler,Seton Hall,0.42862145560873799
Butler,SF Austin,0.8593070334030577
Butler,St Bonaventure,0.52656979000523596
Butler,Syracuse,0.48245315633810471
Butler,TCU,0.4387659231773593
Butler,Tennessee,0.35411074633951989
Butler,Texas,0.52321634435768649
Butler,Texas A&M,0.5325775166871396
Butler,Texas Tech,0.40002537532095361
Butler,TX Southern,0.96195264341218512
Butler,UCLA,0.37941152257687349
Butler,UMBC,0.87430414920441668
Butler,UNC Greensboro,0.76900465353054348
Butler,Villanova,0.15272826421855545
Butler,Virginia,0.18186925214258065
Butler,Virginia Tech,0.36925780411361242
Butler,West Virginia,0.24571628135011869
Butler,Wichita St,0.31097457889315894
Butler,Wright St,0.86695101617057935
Butler,Xavier,0.24526123762220176
Cincinnati,Clemson,0.72758960664204508
Cincinnati,Col Charleston,0.90400603218222919
Cincinnati,Creighton,0.70238277380718861
Cincinnati,CS Fullerton,0.96697934047993894
Cincinnati,Davidson,0.83469896153801182
Cincinnati,Duke,0.47727551975497828
Cincinnati,Florida,0.67964000333223484
Cincinnati,Florida St,0.65669581781312902
Cincinnati,Georgia St,0.94835197285318995
Cincinnati,Gonzaga,0.47205198378397106
Cincinnati,Houston,0.71984938363895878
Cincinnati,Iona,0.95273328556958081
Cincinnati,Kansas,0.46557227835394788
Cincinnati,Kansas St,0.6847755562011234
Cincinnati,Kentucky,0.60579285566472896
Cincinnati,Lipscomb,0.96316217572457274
Cincinnati,Long Island,0.98758458447212993
Cincinnati,Loyola-Chicago,0.86678624432237072
Cincinnati,Marshall,0.92120284761134263
Cincinnati,Miami FL,0.67828819630457837
Cincinnati,Michigan,0.5375873497979593
Cincinnati,Michigan St,0.55960366732759503
Cincinnati,Missouri,0.85934068357520499
Cincinnati,Montana,0.94785967308976737
Cincinnati,Murray St,0.9327841374972573
Cincinnati,NC Central,0.99113495201775681
Cincinnati,NC State,0.79413600978317234
Cincinnati,Nevada,0.73789543109202005
Cincinnati,New Mexico St,0.8769024259817475
Cincinnati,North Carolina,0.59577812455543677
Cincinnati,Ohio St,0.77454684510464378
Cincinnati,Oklahoma,0.80204990335447679
Cincinnati,Penn,0.94893248601059621
Cincinnati,Providence,0.71572434873654256
Cincinnati,Purdue,0.53359416916302982
Cincinnati,Radford,0.98066578570770335
Cincinnati,Rhode Island,0.78266418976710739
Cincinnati,S Dakota St,0.89926491673701991
Cincinnati,San Diego St,0.85046721813243198
Cincinnati,Seton Hall,0.71384139514188849
Cincinnati,SF Austin,0.95307480675111922
Cincinnati,St Bonaventure,0.78717355804556377
Cincinnati,Syracuse,0.75609277722371138
Cincinnati,TCU,0.72220395250364211
Cincinnati,Tennessee,0.64578762487190899
Cincinnati,Texas,0.78491203729821368
Cincinnati,Texas A&M,0.7911856915892217
Cincinnati,Texas Tech,0.68916810763593861
Cincinnati,TX Southern,0.98824585999119507
Cincinnati,UCLA,0.67030075141284795
Cincinnati,UMBC,0.95855880933834381
Cincinnati,UNC Greensboro,0.9171539925647848
Cincinnati,Villanova,0.37477897093620927
Cincinnati,Virginia,0.42503399890342675
Cincinnati,Virginia Tech,0.66064956207496495
Cincinnati,West Virginia,0.51998967497052051
Cincinnati,Wichita St,0.60013445862412218
Cincinnati,Wright St,0.95588583265027283
Cincinnati,Xavier,0.51937644649464598
Clemson,Col Charleston,0.77533830392887915
Clemson,Creighton,0.46376946403809272
Clemson,CS Fullerton,0.91476045764587188
Clemson,Davidson,0.64918436581681371
Clemson,Duke,0.25071407503661003
Clemson,Florida,0.43739797342880404
Clemson,Florida St,0.41211161653298989
Clemson,Georgia St,0.87061718421372325
Clemson,Gonzaga,0.24679941880253731
Clemson,Houston,0.48497145453424639
Clemson,Iona,0.8807636585688623
Clemson,Kansas,0.24199442322969367
Clemson,Kansas St,0.44323560397549289
Clemson,Kentucky,0.36027164279762003
Clemson,Lipscomb,0.90549677306620335
Clemson,Long Island,0.96683319121511402
Clemson,Loyola-Chicago,0.70453558930387783
Clemson,Marshall,0.81076006908305376
Clemson,Miami FL,0.43587243603361459
Clemson,Michigan,0.29875922130115207
Clemson,Michigan St,0.31771489205708414
Clemson,Missouri,0.6912517267992444
Clemson,Montana,0.8694859019279112
Clemson,Murray St,0.83567829745884437
Clemson,NC Central,0.976174558228733
Clemson,NC State,0.585693872739671
Clemson,Nevada,0.507802281343946
Clemson,New Mexico St,0.72303600017395375
Clemson,North Carolina,0.35070482307920336
Clemson,Ohio St,0.55732651391694343
Clemson,Oklahoma,0.59756006415386131
Clemson,Penn,0.87195345020318615
Clemson,Providence,0.47988681266504674
Clemson,Purdue,0.29540674478065698
Clemson,Radford,0.94894796239435686
Clemson,Rhode Island,0.56891190608779785
Clemson,S Dakota St,0.76588805461772091
Clemson,San Diego St,0.67577518381097401
Clemson,Seton Hall,0.47758195558939776
Clemson,SF Austin,0.88156054425486519
Clemson,St Bonaventure,0.57545055409184975
Clemson,Syracuse,0.53183917230231226
Clemson,TCU,0.48789572993761876
Clemson,Tennessee,0.40052624784016011
Clemson,Texas,0.57216202784237069
Clemson,Texas A&M,0.58133117608280493
Clemson,Texas Tech,0.44828215540556726
Clemson,TX Southern,0.96856455544616327
Clemson,UCLA,0.42695116575174774
Clemson,UMBC,0.89447685029352308
Clemson,UNC Greensboro,0.80225448040410485
Clemson,Villanova,0.18010803539464648
Clemson,Virginia,0.21315885915157251
Clemson,Virginia Tech,0.41637880497673296
Clemson,West Virginia,0.28417497930236113
Clemson,Wichita St,0.35484224966536015
Clemson,Wright St,0.88815284277711548
Clemson,Xavier,0.28367549920693325
Col Charleston,Creighton,0.19458663321967373
Col Charleston,CS Fullerton,0.74986552570028286
Col Charleston,Davidson,0.34077428488821704
Col Charleston,Duke,0.08548061161107412
Col Charleston,Florida,0.17842855993071904
Col Charleston,Florida St,0.16375578984690065
Col Charleston,Georgia St,0.65274455779358587
Col Charleston,Gonzaga,0.083857175981467358
Col Charleston,Houston,0.20826195961808469
Col Charleston,Iona,0.67357082842168015
Col Charleston,Kansas,0.081879676892687159
Col Charleston,Kansas St,0.18192756453533321
Col Charleston,Kentucky,0.1359331507928272
Col Charleston,Lipscomb,0.72800973703409988
Col Charleston,Long Island,0.89062827720965632
Col Charleston,Loyola-Chicago,0.39979697393247404
Col Charleston,Marshall,0.54479331162575617
Col Charleston,Miami FL,0.17752124547598047
Col Charleston,Michigan,0.10635605829126127
Col Charleston,Michigan St,0.11510800062991788
Col Charleston,Missouri,0.38477629859829554
Col Charleston,Montana,0.65047307094766971
Col Charleston,Murray St,0.58688819031877615
Col Charleston,NC Central,0.91964887546340346
Col Charleston,NC State,0.28310541995216698
Col Charleston,Nevada,0.22372487875255975
Col Charleston,New Mexico St,0.42171670708862463
Col Charleston,North Carolina,0.1311026831994111
Col Charleston,Ohio St,0.26018971296259485
Col Charleston,Oklahoma,0.29317930608990328
Col Charleston,Penn,0.65544046741216211
Col Charleston,Providence,0.20492412469892485
Col Charleston,Purdue,0.10483981484966509
Col Charleston,Radford,0.83851320141280938
Col Charleston,Rhode Island,0.26935678166724342
Col Charleston,S Dakota St,0.47749896792442403
Col Charleston,San Diego St,0.36798329637621241
Col Charleston,Seton Hall,0.20342337708704727
Col Charleston,SF Austin,0.67524185576823981
Col Charleston,St Bonaventure,0.27464601314972337
Col Charleston,Syracuse,0.24089621187083776
Col Charleston,TCU,0.21019870037530675
Col Charleston,Tennessee,0.15728432544630799
Col Charleston,Texas,0.27197526209360312
Col Charleston,Texas A&M,0.27947622571067532
Col Charleston,Texas Tech,0.1849874546689112
Col Charleston,TX Southern,0.89590938853899638
Col Charleston,UCLA,0.17227301245323812
Col Charleston,UMBC,0.70307982199017238
Col Charleston,UNC Greensboro,0.5312450682140778
Col Charleston,Villanova,0.057816966372915335
Col Charleston,Virginia,0.070352298365393473
Col Charleston,Virginia Tech,0.16617830089934627
Col Charleston,West Virginia,0.099827100876739738
Col Charleston,Wichita St,0.13318076559465075
Col Charleston,Wright St,0.68927006453800344
Col Charleston,Xavier,0.099606552773234269
Creighton,CS Fullerton,0.92242273274373021
Creighton,Davidson,0.67216387459605786
Creighton,Duke,0.27046293178631819
Creighton,Florida,0.46276987424303351
Creighton,Florida St,0.43715646557441967
Creighton,Georgia St,0.88173452914403661
Creighton,Gonzaga,0.26634952916807131
Creighton,Houston,0.51059843348110823
Creighton,Iona,0.89111819322296948
Creighton,Kansas,0.26129595236356384
Creighton,Kansas St,0.4686640443959027
Creighton,Kentucky,0.38422508611618233
Creighton,Lipscomb,0.91391340468333615
Creighton,Long Island,0.96996826557532023
Creighton,Loyola-Chicago,0.72542292696809385
Creighton,Marshall,0.82599272516195488
Creighton,Miami FL,0.46122839191031295
Creighton,Michigan,0.32067294151719605
Creighton,Michigan St,0.34034417807787143
Creighton,Missouri,0.71269519365149336
Creighton,Montana,0.88068713182124392
Creighton,Murray St,0.849278064421912
Creighton,NC Central,0.97844632950452226
Creighton,NC State,0.61033592791144087
Creighton,Nevada,0.53338625814348117
Creighton,New Mexico St,0.74309239036164554
Creighton,North Carolina,0.37439444949739697
Creighton,Ohio St,0.58245295608088132
Creighton,Oklahoma,0.62195190087281549
Creighton,Penn,0.88297140930142426
Creighton,Providence,0.50550882529434094
Creighton,Purdue,0.31718579005818737
Creighton,Radford,0.95369265577813611
Creighton,Rhode Island,0.59385996196465574
Creighton,S Dakota St,0.78376932918557096
Creighton,San Diego St,0.69782365982368733
Creighton,Seton Hall,0.50319996649701815
Creighton,SF Austin,0.89185437405436352
Creighton,St Bonaventure,0.60028606948485108
Creighton,Syracuse,0.55726305998299108
Creighton,TCU,0.51352316054878289
Creighton,Tennessee,0.42537646958628972
Creighton,Texas,0.59705521215499946
Creighton,Texas A&M,0.60605818449278925
Creighton,Texas Tech,0.47375376185177986
Creighton,TX Southern,0.9715407908566307
Creighton,UCLA,0.45220415633000322
Creighton,UMBC,0.90377063495527243
Creighton,UNC Greensboro,0.81801810936717345
Creighton,Villanova,0.19574818909509151
Creighton,Virginia,0.23086093261497176
Creighton,Virginia Tech,0.44148823312407559
Creighton,West Virginia,0.30548497504027439
Creighton,Wichita St,0.37864837114189642
Creighton,Wright St,0.89794005324947024
Creighton,Xavier,0.30496399666154816
CS Fullerton,Davidson,0.14600548523266832
CS Fullerton,Duke,0.029987043822685244
CS Fullerton,Florida,0.067015445131308859
CS Fullerton,Florida St,0.060826231422311583
CS Fullerton,Georgia St,0.38336027820659624
CS Fullerton,Gonzaga,0.029383671318141014
CS Fullerton,Houston,0.08003520514072604
CS Fullerton,Iona,0.40563140798921937
CS Fullerton,Kansas,0.028650580127134284
CS Fullerton,Kansas St,0.068511820802598211
CS Fullerton,Kentucky,0.049457373966867668
CS Fullerton,Lipscomb,0.46956597551677415
CS Fullerton,Long Island,0.72923402839171025
CS Fullerton,Loyola-Chicago,0.18053218506147273
CS Fullerton,Marshall,0.28357843354810652
CS Fullerton,Miami FL,0.066628723816839375
CS Fullerton,Michigan,0.037871475344223082
CS Fullerton,Michigan St,0.041248004086593348
CS Fullerton,Missouri,0.17139698535634795
CS Fullerton,Montana,0.38099770269763533
CS Fullerton,Murray St,0.31966344839976957
CS Fullerton,NC Central,0.7910309472664705
CS Fullerton,NC State,0.11552120911356145
CS Fullerton,Nevada,0.087024063833609056
CS Fullerton,New Mexico St,0.19432240023540637
CS Fullerton,North Carolina,0.047530837162985562
CS Fullerton,Ohio St,0.10419882024471738
CS Fullerton,Oklahoma,0.12063532235838648
CS Fullerton,Penn,0.38618090291888996
CS Fullerton,Providence,0.078548585621860734
CS Fullerton,Purdue,0.037290826884108785
CS Fullerton,Radford,0.63199198613134011
CS Fullerton,Rhode Island,0.10867732216608195
CS Fullerton,S Dakota St,0.23209845176062061
CS Fullerton,San Diego St,0.16147240818406761
CS Fullerton,Seton Hall,0.077882681714708579
CS Fullerton,SF Austin,0.40746745594117439
CS Fullerton,St Bonaventure,0.11129196692865617
CS Fullerton,Syracuse,0.094987172973687639
CS Fullerton,TCU,0.080901342739392645
CS Fullerton,Tennessee,0.058139636055800525
CS Fullerton,Texas,0.10996889646252683
CS Fullerton,Texas A&M,0.11369959497866433
CS Fullerton,Texas Tech,0.069826961721621505
CS Fullerton,TX Southern,0.74003347826201993
CS Fullerton,UCLA,0.064402205139626689
CS Fullerton,UMBC,0.43919546917234664
CS Fullerton,UNC Greensboro,0.27263557900339674
CS Fullerton,Villanova,0.019891861754619877
CS Fullerton,Virginia,0.024417725480148644
CS Fullerton,Virginia Tech,0.061838659900197879
CS Fullerton,West Virginia,0.035380186570691308
CS Fullerton,Wichita St,0.048357963262171899
CS Fullerton,Wright St,0.42318163782898366
CS Fullerton,Xavier,0.035296438165815402
Davidson,Duke,0.14788492237925432
Davidson,Florida,0.28736653607286788
Davidson,Florida St,0.26664288256566548
Davidson,Georgia St,0.77729070970140357
Davidson,Gonzaga,0.14526456894628925
Davidson,Houston,0.32813948965949058
Davidson,Iona,0.79301602914394387
Davidson,Kansas,0.14206352756125151
Davidson,Kansas St,0.29224192659965076
Davidson,Kentucky,0.22606505755245054
Davidson,Lipscomb,0.83248887244987924
Davidson,Long Island,0.93796399840800504
Davidson,Loyola-Chicago,0.55292865690298332
Davidson,Marshall,0.68964856385984374
Davidson,Miami FL,0.28609817338654842
Davidson,Michigan,0.18098429543704986
Davidson,Michigan St,0.19454045185702706
Davidson,Missouri,0.53730507035468777
Davidson,Montana,0.77555378057930402
Davidson,Murray St,0.72510713193074694
Davidson,NC Central,0.95505836347171258
Davidson,NC State,0.4230445537283819
Davidson,Nevada,0.34858427718224838
Davidson,New Mexico St,0.57519816372056898
Davidson,North Carolina,0.21884289666380619
Davidson,Ohio St,0.39504346000470658
Davidson,Oklahoma,0.43507594292156937
Davidson,Penn,0.77934656230351029
Davidson,Providence,0.32366579667500162
Davidson,Purdue,0.17861678085849031
Davidson,Radford,0.90602421123344068
Davidson,Rhode Island,0.40635206014205794
Davidson,S Dakota St,0.62919314531898562
Davidson,San Diego St,0.51947605115495277
Davidson,Seton Hall,0.3216472471244175
Davidson,SF Austin,0.79426236744047451
Davidson,St Bonaventure,0.412811497142336
Davidson,Syracuse,0.37076172172601862
Davidson,TCU,0.33072535893258226
Davidson,Tennessee,0.25735674599548108
Davidson,Texas,0.40955579532751318
Davidson,Texas A&M,0.41866909863101298
Davidson,Texas Tech,0.29648478997678673
Davidson,TX Southern,0.94111059191217927
Davidson,UCLA,0.27872779234314293
Davidson,UMBC,0.81469776452960285
Davidson,UNC Greensboro,0.6778623393283969
Davidson,Villanova,0.10228447097628068
Davidson,Virginia,0.12320016606789308
Davidson,Virginia Tech,0.27009584411481424
Davidson,West Virginia,0.17074942518648017
Davidson,Wichita St,0.22195646924393853
Davidson,Wright St,0.80463684911586675
Davidson,Xavier,0.17040184935627567
Duke,Florida,0.69318324079129878
Duke,Florida St,0.6707391083816806
Duke,Georgia St,0.95134857833086306
Duke,Gonzaga,0.48775671761821782
Duke,Houston,0.7323621586868525
Duke,Iona,0.95548761978958252
Duke,Kansas,0.48125794751491413
Duke,Kansas St,0.69819809617205231
Duke,Kentucky,0.62071576235185311
Duke,Lipscomb,0.96533090999872317
Duke,Long Island,0.98833292744105916
Duke,Loyola-Chicago,0.87388594411379317
Duke,Marshall,0.92565114716316566
Duke,Miami FL,0.69186267167041982
Duke,Michigan,0.5531878490585076
Duke,Michigan St,0.57504854092032964
Duke,Missouri,0.86677620866360217
Duke,Montana,0.95088336234705384
Duke,Murray St,0.93662362308321401
Duke,NC Central,0.99167110028426131
Duke,NC State,0.80423315301734521
Duke,Nevada,0.74988224662302638
Duke,New Mexico St,0.88353542017764963
Duke,North Carolina,0.61083660061576439
Duke,Ohio St,0.7853450858591422
Duke,Oklahoma,0.81185085231676712
Duke,Penn,0.95189711866115134
Duke,Providence,0.72835183901490907
Duke,Purdue,0.54921642133040394
Duke,Radford,0.98182348589324231
Duke,Rhode Island,0.79317745964819975
Duke,S Dakota St,0.90482371461215483
Duke,San Diego St,0.85829446230466377
Duke,Seton Hall,0.72652056679447719
Duke,SF Austin,0.95581016284931319
Duke,St Bonaventure,0.79752512551720478
Duke,Syracuse,0.76750958336277064
Duke,TCU,0.7346503279571488
Duke,Tennessee,0.66004613609099749
Duke,Texas,0.7953450040155724
Duke,Texas A&M,0.80139135083368418
Duke,Texas Tech,0.70248487175146646
Duke,TX Southern,0.98895479015690546
Duke,UCLA,0.6840552672349296
Duke,UMBC,0.96098757803744084
Duke,UNC Greensboro,0.92181146019419169
Duke,Villanova,0.38963588756919132
Duke,Virginia,0.44047957451534669
Duke,Virginia Tech,0.6746112574038351
Duke,West Virginia,0.53567107872336495
Duke,Wichita St,0.61513548304399468
Duke,Wright St,0.95846446996702239
Duke,Xavier,0.53505997112937442
Florida,Florida St,0.46276263437599552
Florida,Georgia St,0.89210679042181729
Florida,Gonzaga,0.28705334780803471
Florida,Houston,0.53640665953262801
Florida,Iona,0.90076010379316052
Florida,Kansas,0.28175781105790765
Florida,Kansas St,0.4944943269622013
Florida,Kentucky,0.40898371836458192
Florida,Lipscomb,0.92171404720759731
Florida,Long Island,0.97284050538489986
Florida,Loyola-Chicago,0.74554805017172621
Florida,Marshall,0.84036865311594666
Florida,Miami FL,0.48702449751578691
Florida,Michigan,0.34362163986648098
Florida,Michigan St,0.36394643346990707
Florida,Missouri,0.73341036709340579
Florida,Montana,0.89113991203729359
Florida,Murray St,0.86205151762686183
Florida,NC Central,0.98052400686912666
Florida,NC State,0.63464799671120031
Florida,Nevada,0.55903061148778188
Florida,New Mexico St,0.76234670815083105
Florida,North Carolina,0.39893000730706252
Florida,Ohio St,0.60738561245225908
Florida,Oklahoma,0.64595962949739771
Florida,Penn,0.8932483257046584
Florida,Providence,0.53133909585903794
Florida,Purdue,0.34000983804669926
Florida,Radford,0.95805418296240452
Florida,Rhode Island,0.61855755077104624
Florida,S Dakota St,0.80079231872092693
Florida,San Diego St,0.71918861056380823
Florida,Seton Hall,0.52903847945271987
Florida,SF Austin,0.90143830342379128
Florida,St Bonaventure,0.62483974831551103
Florida,Syracuse,0.58262201100199018
Florida,TCU,0.53931630916402973
Florida,Tennessee,0.4508453365996431
Florida,Texas,0.62168227776870599
Florida,Texas A&M,0.63047555963958346
Florida,Texas Tech,0.49960079896298371
Florida,TX Southern,0.97426662413981957
Florida,UCLA,0.47794327835591288
Florida,UMBC,0.91240226088086851
Florida,UNC Greensboro,0.8329196062275751
Florida,Villanova,0.21255402079550212
Florida,Virginia,0.24974522437293434
Florida,Virginia Tech,0.46713754630954585
Florida,West Virginia,0.32787134881752011
Florida,Wichita St,0.40328299821790947
Florida,Wright St,0.90704087977384318
Florida,Xavier,0.32733018599942676
Florida St,Georgia St,0.90166620705390677
Florida St,Gonzaga,0.30867827118963387
Florida St,Houston,0.56200852284194658
Florida St,Iona,0.90963049547962904
Florida St,Kansas,0.30315343146788276
Florida St,Kansas St,0.52034105737832814
Florida St,Kentucky,0.43419998163723672
Florida St,Lipscomb,0.92885942702364399
Florida St,Long Island,0.97544375252520943
Florida St,Loyola-Chicago,0.76466725203700869
Florida St,Marshall,0.85376066430921527
Florida St,Miami FL,0.51287692130954454
Florida St,Michigan,0.36731253603645297
Florida St,Michigan St,0.38820983647214446
Florida St,Missouri,0.75313960113772971
Florida St,Montana,0.9007754665849752
Florida St,Murray St,0.87389743988667301
Florida St,NC Central,0.98240410824305846
Florida St,NC State,0.65828073934309228
Florida St,Nevada,0.58435120434147581
Florida St,New Mexico St,0.78057517116506425
Florida St,North Carolina,0.42397106993639311
Florida St,Ohio St,0.63175860529004546
Florida St,Oklahoma,0.66924201461036381
Florida St,Penn,0.90271763068007516
Florida St,Providence,0.55698968612899247
Florida St,Purdue,0.36358965700808576
Florida St,Radford,0.96201937257690084
Florida St,Rhode Island,0.6426450476620913
Florida St,S Dakota St,0.81678064499895542
Florida St,San Diego St,0.73959664289881866
Florida St,Seton Hall,0.55470946148079847
Florida St,SF Austin,0.91025411513041987
Florida St,St Bonaventure,0.64875580417077883
Florida St,Syracuse,0.60753897774047694
Florida St,TCU,0.56488782889908429
Florida St,Tennessee,0.47656143350099633
Florida St,Texas,0.64568548036940077
Florida St,Texas A&M,0.65423115242697183
Florida St,Texas Tech,0.52543700550718131
Florida St,TX Southern,0.97673644606029963
Florida St,UCLA,0.50378706760317005
Florida St,UMBC,0.9203240845065408
Florida St,UNC Greensboro,0.84682263534639313
Florida St,Villanova,0.23038016159605179
Florida St,Virginia,0.26962247648288573
Florida St,Virginia Tech,0.49294875727547183
Florida St,West Virginia,0.35105712759909202
Florida St,Wichita St,0.42840255353683276
Florida St,Wright St,0.91540259996448481
Florida St,Xavier,0.35049765211133643
Georgia St,Gonzaga,0.045948818935346525
Georgia St,Houston,0.12157856034694769
Georgia St,Iona,0.52055046554624074
Georgia St,Kansas,0.044821529761740142
Georgia St,Kansas St,0.10475489628891632
Georgia St,Kentucky,0.076447820519040977
Georgia St,Lipscomb,0.58477732468821531
Georgia St,Long Island,0.81077331226949079
Georgia St,Loyola-Chicago,0.25952418285914858
Georgia St,Marshall,0.38639836029940111
Georgia St,Miami FL,0.10198469826606371
Georgia St,Michigan,0.058931128378744702
Georgia St,Michigan St,0.064060268768877826
Georgia St,Missouri,0.24759958458137232
Georgia St,Montana,0.49474702456547159
Georgia St,Murray St,0.42775517068816027
Georgia St,NC Central,0.85759463821618631
Georgia St,NC State,0.17203948819800352
Georgia St,Nevada,0.13167584834647295
Georgia St,New Mexico St,0.27730644982314534
Georgia St,North Carolina,0.07355126515255983
Georgia St,Ohio St,0.15615565949937538
Georgia St,Oklahoma,0.17914887490153253
Georgia St,Penn,0.50022715728680189
Georgia St,Providence,0.11942045860688022
Georgia St,Purdue,0.05804707212284832
Georgia St,Radford,0.73205520608707375
Georgia St,Rhode Island,0.16246228594769307
Georgia St,S Dakota St,0.32471281236160854
Georgia St,San Diego St,0.2345113784048054
Georgia St,Seton Hall,0.11845260111054434
Georgia St,SF Austin,0.52244945442288748
Georgia St,St Bonaventure,0.16612974858160701
Georgia St,Syracuse,0.14308445792923286
Georgia St,TCU,0.12283425012721505
Georgia St,Tennessee,0.089422520704839359
Georgia St,Texas,0.16427525796266307
Georgia St,Texas A&M,0.16949744557367985
Georgia St,Texas Tech,0.10668607057914592
Georgia St,TX Southern,0.81912722492280476
Georgia St,UCLA,0.098701634964232898
Georgia St,UMBC,0.55474839033190315
Georgia St,UNC Greensboro,0.37355666257544962
Georgia St,Villanova,0.031278407412440479
Georgia St,Virginia,0.038293755232932991
Georgia St,Virginia Tech,0.094911294624832054
Georgia St,West Virginia,0.055133865102707347
Georgia St,Wichita St,0.074795637817756999
Georgia St,Wright St,0.53856749466500808
Georgia St,Xavier,0.055006024142931875
Gonzaga,Houston,0.7329530827342593
Gonzaga,Iona,0.95561575606301274
Gonzaga,Kansas,0.48201115827877183
Gonzaga,Kansas St,0.69883343239715745
Gonzaga,Kentucky,0.62142576835745689
Gonzaga,Lipscomb,0.96543173586985354
Gonzaga,Long Island,0.988367664128176
Gonzaga,Loyola-Chicago,0.87421806121403478
Gonzaga,Marshall,0.92585850806044645
Gonzaga,Miami FL,0.69250547111269722
Gonzaga,Michigan,0.55393342264653911
Gonzaga,Michigan St,0.57578560984441796
Gonzaga,Missouri,0.86712420211097352
Gonzaga,Montana,0.95102407336633699
Gonzaga,Murray St,0.93680247080201484
Gonzaga,NC Central,0.99169598164662032
Gonzaga,NC State,0.8047077066217273
Gonzaga,Nevada,0.75044766888234882
Gonzaga,New Mexico St,0.88384550334434775
Gonzaga,North Carolina,0.61155352678462027
Gonzaga,Ohio St,0.78585323389315953
Gonzaga,Oklahoma,0.81231124953688538
Gonzaga,Penn,0.95203507193405246
Gonzaga,Providence,0.72894834044675805
Gonzaga,Purdue,0.54996323061929542
Gonzaga,Radford,0.98187724793627662
Gonzaga,Rhode Island,0.79367193752146803
Gonzaga,S Dakota St,0.90508320736163439
Gonzaga,San Diego St,0.85866099821424635
Gonzaga,Seton Hall,0.72711958287629019
Gonzaga,SF Austin,0.95593741344677396
Gonzaga,St Bonaventure,0.79801185589436074
Gonzaga,Syracuse,0.7680474828070144
Gonzaga,TCU,0.73523802632610868
Gonzaga,Tennessee,0.66072275981097994
Gonzaga,Texas,0.79583563356531939
Gonzaga,Texas A&M,0.80187109608715668
Gonzaga,Texas Tech,0.70311502096656175
Gonzaga,TX Southern,0.98898769598537317
Gonzaga,UCLA,0.68470693136034333
Gonzaga,UMBC,0.96110052633718246
Gonzaga,UNC Greensboro,0.92202862801726571
Gonzaga,Villanova,0.39035360774977046
Gonzaga,Virginia,0.44122324800855117
Gonzaga,Virginia Tech,0.67527315374059849
Gonzaga,West Virginia,0.53642138709046217
Gonzaga,Wichita St,0.61584947022496794
Gonzaga,Wright St,0.95858440832181535
Gonzaga,Xavier,0.53581041126968287
Houston,Iona,0.88659436923884627
Houston,Kansas,0.252553188555797
Houston,Kansas St,0.45727794751993089
Houston,Kentucky,0.37344857430967526
Houston,Lipscomb,0.91024127956681944
Houston,Long Island,0.96860508756532526
Houston,Loyola-Chicago,0.71620722586608321
Houston,Marshall,0.81931171730454389
Houston,Miami FL,0.44986999245414649
Houston,Michigan,0.31077929473530774
Houston,Michigan St,0.33013856566056154
Houston,Missouri,0.70322707082760827
Houston,Montana,0.87579032647232924
Houston,Murray St,0.84332151085175078
Houston,NC Central,0.97745903841565873
Houston,NC State,0.59939067607177099
Houston,Nevada,0.52197245131317194
Houston,New Mexico St,0.73425248120130604
Houston,North Carolina,0.36373079474558179
Houston,Ohio St,0.57127465554808055
Houston,Oklahoma,0.61112504018466951
Houston,Penn,0.87815538405833493
Houston,Providence,0.4940599298686652
Houston,Purdue,0.30735105488839021
Houston,Radford,0.95162755004635136
Houston,Rhode Island,0.5827682871934573
Houston,S Dakota St,0.77590697932728891
Houston,San Diego St,0.6880799405027378
Houston,Seton Hall,0.49175136080219284
Houston,SF Austin,0.88735727056550451
Houston,St Bonaventure,0.58924850672711626
Houston,Syracuse,0.54593610978695617
Houston,TCU,0.50207704963761901
Houston,Tennessee,0.41422217370416148
Houston,Texas,0.58598996466037456
Houston,Texas A&M,0.59507249374363025
Houston,Texas Tech,0.46235161079126486
Houston,TX Southern,0.97024680223228121
Houston,UCLA,0.44088613304011415
Houston,UMBC,0.89971333432609069
Houston,UNC Greensboro,0.81110093875332157
Houston,Villanova,0.18863854443510863
Houston,Virginia,0.22282932242417319
Houston,Virginia Tech,0.43022777188901928
Houston,West Virginia,0.29585584159501799
Houston,Wichita St,0.36793481292895514
Houston,Wright St,0.89366584274455629
Houston,Xavier,0.2953443015229984
Iona,Kansas,0.042467999671853218
Iona,Kansas St,0.099582425129632335
Iona,Kentucky,0.072559779681508063
Iona,Lipscomb,0.5710208716511681
Iona,Long Island,0.80196863993422518
Iona,Loyola-Chicago,0.2488337901497264
Iona,Marshall,0.37311515674842921
Iona,Miami FL,0.096934200377053137
Iona,Michigan,0.055880061625587008
Iona,Michigan St,0.060760794450802513
Iona,Missouri,0.23724301594025787
Iona,Montana,0.48065681636961488
Iona,Murray St,0.41400950999560737
Iona,NC Central,0.85056701765980225
Iona,NC State,0.16415389721184637
Iona,Nevada,0.12536024096189913
Iona,New Mexico St,0.26614684228581875
Iona,North Carolina,0.069799405852727814
Iona,Ohio St,0.14886721532655456
Iona,Oklahoma,0.17100472187689697
Iona,Penn,0.48613104234610915
Iona,Providence,0.113615748314432
Iona,Purdue,0.055039099067474506
Iona,Radford,0.72084888709995787
Iona,Rhode Island,0.15493353010112454
Iona,S Dakota St,0.31247029652979974
Iona,San Diego St,0.22453888569236546
Iona,Seton Hall,0.11268891538525883
Iona,SF Austin,0.50836410426829359
Iona,St Bonaventure,0.15846319267229192
Iona,Syracuse,0.13630755340146206
Iona,TCU,0.1168856303074195
Iona,Tennessee,0.084935288968444156
Iona,Texas,0.15667820303033209
Iona,Texas A&M,0.1617056150462054
Iona,Texas Tech,0.10142904756447724
Iona,TX Southern,0.81062046472385596
Iona,UCLA,0.093796739561555875
Iona,UMBC,0.54077833245462348
Iona,UNC Greensboro,0.36045558615525819
Iona,Villanova,0.029613964310060803
Iona,Virginia,0.03626997602571691
Iona,Virginia Tech,0.090175911613944004
Iona,West Virginia,0.052268476368025452
Iona,Wichita St,0.070985166458016669
Iona,Wright St,0.52452488868880076
Iona,Xavier,0.052146912807263024
Kansas,Kansas St,0.71325458310567913
Kansas,Kentucky,0.63763152892892294
Kansas,Lipscomb,0.96767746195192372
Kansas,Long Island,0.98914011938999247
Kansas,Loyola-Chicago,0.88166314443167826
Kansas,Marshall,0.93049000754305689
Kansas,Miami FL,0.70710263327668821
Kansas,Michigan,0.57103397820564916
Kansas,Michigan St,0.5926644603578517
Kansas,Missouri,0.87492910192802931
Kansas,Montana,0.95416135183142337
Kansas,Murray St,0.94079403611651902
Kansas,NC Central,0.99224915037576444
Kansas,NC State,0.81539834193197436
Kansas,Nevada,0.76323465811561808
Kansas,New Mexico St,0.89079192084017467
Kansas,North Carolina,0.62792886255017444
Kansas,Ohio St,0.79731603090275316
Kansas,Oklahoma,0.82267737308973499
Kansas,Penn,0.95511064513618948
Kansas,Providence,0.74245889167658308
Kansas,Purdue,0.56709704134878414
Kansas,Radford,0.98307332357662158
Kansas,Rhode Island,0.80482016272264412
Kansas,S Dakota St,0.91088759525208229
Kansas,San Diego St,0.86688669970059018
Kansas,Seton Hall,0.74068886179028715
Kansas,SF Austin,0.95877359899226422
Kansas,St Bonaventure,0.80898202535243735
Kansas,Syracuse,0.78019679912234285
Kansas,TCU,0.74854321611679786
Kansas,Tennessee,0.6761230554246902
Kansas,Texas,0.80689539521621323
Kansas,Texas A&M,0.81268086617186774
Kansas,Texas Tech,0.71741405469956532
Kansas,TX Southern,0.98971940577119033
Kansas,UCLA,0.6995136631735408
Kansas,UMBC,0.96361702541084893
Kansas,UNC Greensboro,0.92688047948536023
Kansas,Villanova,0.40701202891604582
Kansas,Virginia,0.45842016632896088
Kansas,Virginia Tech,0.69032254158865025
Kansas,West Virginia,0.55365233267489233
Kansas,Wichita St,0.63215263716718328
Kansas,Wright St,0.96125711946793202
Kansas,Xavier,0.55304514445542918
Kansas St,Kentucky,0.4168596751727226
Kansas St,Lipscomb,0.92402655010950585
Kansas St,Long Island,0.97368589042021247
Kansas St,Loyola-Chicago,0.75166229100747284
Kansas St,Marshall,0.84467911619608049
Kansas St,Miami FL,0.49514424181950134
Kansas St,Michigan,0.35098639881261529
Kansas St,Michigan St,0.37150025648039464
Kansas St,Missouri,0.73971444177102796
Kansas St,Montana,0.89425193335615649
Kansas St,Murray St,0.8658699366307393
Kansas St,NC Central,0.98113486775481917
Kansas St,NC State,0.64214798546594354
Kansas St,Nevada,0.56702386850866215
Kansas St,New Mexico St,0.76818280392271632
Kansas St,North Carolina,0.40674559976863223
Kansas St,Ohio St,0.61510583918323203
Kansas St,Oklahoma,0.65335424330510772
Kansas St,Penn,0.89630708653541813
Kansas St,Providence,0.53942075205404794
Kansas St,Purdue,0.34733814991795298
Kansas St,Radford,0.95934058129661048
Kansas St,Rhode Island,0.6261932960249974
Kansas St,S Dakota St,0.80592464801743868
Kansas St,San Diego St,0.72570321060399889
Kansas St,Seton Hall,0.53712524750279977
Kansas St,SF Austin,0.90428754132501388
Kansas St,St Bonaventure,0.63242446698595689
Kansas St,Syracuse,0.59050088379965082
Kansas St,TCU,0.54737758612498477
Kansas St,Tennessee,0.45890149776713129
Kansas St,Texas,0.62929295937984198
Kansas St,Texas A&M,0.63801234671320417
Kansas St,Texas Tech,0.50772269030470085
Kansas St,TX Southern,0.97506875642913127
Kansas St,UCLA,0.48605507716397012
Kansas St,UMBC,0.91496444958491718
Kansas St,UNC Greensboro,0.83739229257920533
Kansas St,Villanova,0.21804280977625556
Kansas St,Virginia,0.25588232220891383
Kansas St,Virginia Tech,0.47523289593926987
Kansas St,West Virginia,0.33507086090149352
Kansas St,Wichita St,0.41112554041622229
Kansas St,Wright St,0.90974437357409266
Kansas St,Xavier,0.33452372932626429
Kentucky,Lipscomb,0.94481263274807192
Kentucky,Long Island,0.9811623270015204
Kentucky,Loyola-Chicago,0.80990504248071749
Kentucky,Marshall,0.884459878427725
Kentucky,Miami FL,0.57992659122335377
Kentucky,Michigan,0.43221725007702227
Kentucky,Michigan St,0.45415651987379912
Kentucky,Missouri,0.80001379566598185
Kentucky,Montana,0.92250101937882156
Kentucky,Murray St,0.90086031977691894
Kentucky,NC Central,0.98652417191810104
Kentucky,NC State,0.71638396304581931
Kentucky,Nevada,0.64830900089552523
Kentucky,New Mexico St,0.82346099074754076
Kentucky,North Carolina,0.49111601227374424
Kentucky,Ohio St,0.69226326284797612
Kentucky,Oklahoma,0.72625651098778921
Kentucky,Penn,0.92405379310952485
Kentucky,Providence,0.62243739187585279
Kentucky,Purdue,0.42828183968611111
Kentucky,Radford,0.97077049213465494
Kentucky,Rhode Island,0.70220414532969144
Kentucky,S Dakota St,0.85391455509896996
Kentucky,San Diego St,0.78831962154803992
Kentucky,Seton Hall,0.62026437030568671
Kentucky,SF Austin,0.93006541420760991
Kentucky,St Bonaventure,0.70775958357630508
Kentucky,Syracuse,0.66994406429195097
Kentucky,TCU,0.62994393181037744
Kentucky,Tennessee,0.54416706725718655
Kentucky,Texas,0.70497047635645727
Kentucky,Texas A&M,0.71272244426466225
Kentucky,Texas Tech,0.59213270542829144
Kentucky,TX Southern,0.98215948838707678
Kentucky,UCLA,0.57104145680229046
Kentucky,UMBC,0.93806370441596398
Kentucky,UNC Greensboro,0.87877150328153197
Kentucky,Villanova,0.28186833129879452
Kentucky,Virginia,0.32616413126934229
Kentucky,Virginia Tech,0.56039027882705361
Kentucky,West Virginia,0.41497343521134478
Kentucky,Wichita St,0.49564543333210509
Kentucky,Wright St,0.93415958384259978
Kentucky,Xavier,0.41437714063402753
Lipscomb,Long Island,0.74616666178180369
Lipscomb,Loyola-Chicago,0.19384536832503629
Lipscomb,Marshall,0.30169302312062396
Lipscomb,Miami FL,0.072283115306324919
Lipscomb,Michigan,0.04119311324315722
Lipscomb,Michigan St,0.044851985430400365
Lipscomb,Missouri,0.18418791852357608
Lipscomb,Montana,0.40184477979219746
Lipscomb,Murray St,0.33899240227451011
Lipscomb,NC Central,0.80513173912594604
Lipscomb,NC State,0.12477016604379454
Lipscomb,Nevada,0.094234541450536002
Lipscomb,New Mexico St,0.20839391683294706
Lipscomb,North Carolina,0.051654195789084367
Lipscomb,Ohio St,0.11265673642078178
Lipscomb,Oklahoma,0.13023344098102219
Lipscomb,Penn,0.40712505623168072
Lipscomb,Providence,0.085122292470133143
Lipscomb,Purdue,0.040563684294203872
Lipscomb,Radford,0.65210462889496656
Lipscomb,Rhode Island,0.11745109983523894
Lipscomb,S Dakota St,0.24806321538074583
Lipscomb,San Diego St,0.17367793669121434
Lipscomb,Seton Hall,0.084405764123272498
Lipscomb,SF Austin,0.42875966450137903
Lipscomb,St Bonaventure,0.1202483533857831
Lipscomb,Syracuse,0.10278316336560722
Lipscomb,TCU,0.087653220813682986
Lipscomb,Tennessee,0.063122328892147972
Lipscomb,Texas,0.1188330442380765
Lipscomb,Texas A&M,0.12282296083726396
Lipscomb,Texas Tech,0.075730747216128602
Lipscomb,TX Southern,0.75651625081445473
Lipscomb,UCLA,0.069881791833430462
Lipscomb,UMBC,0.46085611748810762
Lipscomb,UNC Greensboro,0.29033443443273699
Lipscomb,Villanova,0.021672061794290931
Lipscomb,Virginia,0.026591973324141427
Lipscomb,Virginia Tech,0.067115777056155124
Lipscomb,West Virginia,0.038492059910469445
Lipscomb,Wichita St,0.052549117310828453
Lipscomb,Wright St,0.44467874538877805
Lipscomb,Xavier,0.038401238636090795
Long Island,Loyola-Chicago,0.075142353709994891
Long Island,Marshall,0.12738400087867818
Long Island,Miami FL,0.025651257354424972
Long Island,Michigan,0.014308928763866136
Long Island,Michigan St,0.015618781243208479
Long Island,Missouri,0.070878777079697475
Long Island,Montana,0.18500109082270733
Long Island,Murray St,0.14769082162488145
Long Island,NC Central,0.58264514723750649
Long Island,NC State,0.045954753409474414
Long Island,Nevada,0.033959593781396125
Long Island,New Mexico St,0.081684673101531713
Long Island,North Carolina,0.018071392482181592
Long Island,Ohio St,0.041133574332995027
Long Island,Oklahoma,0.048156845256326353
Long Island,Penn,0.18832913802359463
Long Island,Providence,0.030479653227438064
Long Island,Purdue,0.014084254737383395
Long Island,Radford,0.3877600843370147
Long Island,Rhode Island,0.043031717648916223
Long Island,S Dakota St,0.10028974693320059
Long Island,San Diego St,0.06630883240120744
Long Island,Seton Hall,0.030207899394009252
Long Island,SF Austin,0.20230430816948863
Long Island,St Bonaventure,0.044145230543657821
Long Island,Syracuse,0.037265250168395436
Long Island,TCU,0.031441735843973584
Long Island,Tennessee,0.022258555550566883
Long Island,Texas,0.043581273749465632
Long Island,Texas A&M,0.04517408185863192
Long Island,Texas Tech,0.026939311469594052
Long Island,TX Southern,0.51215589194249533
Long Island,UCLA,0.024757752693176815
Long Island,UMBC,0.22409895835628701
Long Island,UNC Greensboro,0.12144670942509694
Long Island,Villanova,0.0074293366352767842
Long Island,Virginia,0.0091461448422598401
Long Island,Virginia Tech,0.023732235642787036
Long Island,West Virginia,0.013346147552925069
Long Island,Wichita St,0.018395769952649577
Long Island,Wright St,0.21294983881393748
Long Island,Xavier,0.013313836024378189
Loyola-Chicago,Marshall,0.64038922096801254
Loyola-Chicago,Miami FL,0.24308617720555104
Loyola-Chicago,Michigan,0.15044489383744974
Loyola-Chicago,Michigan St,0.16216649983819964
Loyola-Chicago,Missouri,0.48202653493037717
Loyola-Chicago,Montana,0.73468387414432468
Loyola-Chicago,Murray St,0.67885504194893176
Loyola-Chicago,NC Central,0.94453731924277551
Loyola-Chicago,NC State,0.37011803099069462
Loyola-Chicago,Nevada,0.30012746708969407
Loyola-Chicago,New Mexico St,0.52040587774042313
Loyola-Chicago,North Carolina,0.18334529597788296
Loyola-Chicago,Ohio St,0.34353423239653502
Loyola-Chicago,Oklahoma,0.38163985744986284
Loyola-Chicago,Penn,0.73893481149966511
Loyola-Chicago,Providence,0.2771988975982177
Loyola-Chicago,Purdue,0.14840448704214892
Loyola-Chicago,Radford,0.88540143903455837
Loyola-Chicago,Rhode Island,0.35423171863151171
Loyola-Chicago,S Dakota St,0.57623439004504806
Loyola-Chicago,San Diego St,0.46419158252518899
Loyola-Chicago,Seton Hall,0.27535215861551221
Loyola-Chicago,SF Austin,0.75572615456987657
Loyola-Chicago,St Bonaventure,0.36036557962720073
Loyola-Chicago,Syracuse,0.32073995371350306
Loyola-Chicago,TCU,0.2836700437277867
Loyola-Chicago,Tennessee,0.21735019468971506
Loyola-Chicago,Texas,0.35727183396082929
Loyola-Chicago,Texas A&M,0.36594278172751227
Loyola-Chicago,Texas Tech,0.25246348560394694
Loyola-Chicago,TX Southern,0.92757193353066514
Loyola-Chicago,UCLA,0.23645684919765764
Loyola-Chicago,UMBC,0.77892384709732632
Loyola-Chicago,UNC Greensboro,0.62774205064189004
Loyola-Chicago,Villanova,0.08366829420480415
Loyola-Chicago,Virginia,0.10120641348706949
Loyola-Chicago,Virginia Tech,0.22871887428201076
Loyola-Chicago,West Virginia,0.14163839250109123
Loyola-Chicago,Wichita St,0.18607413091825775
Loyola-Chicago,Wright St,0.76747496617557553
Loyola-Chicago,Xavier,0.14133997466471493
Marshall,Miami FL,0.14421162056300918
Marshall,Michigan,0.085019362854710234
Marshall,Michigan St,0.092196670516119683
Marshall,Missouri,0.3280908070846309
Marshall,Montana,0.5923310727281107
Marshall,Murray St,0.52587862563448795
Marshall,NC Central,0.89935486663903141
Marshall,NC State,0.23566075734169056
Marshall,Nevada,0.18368186588227264
Marshall,New Mexico St,0.36279833635261294
Marshall,North Carolina,0.10538689396882295
Marshall,Ohio St,0.21543136095687343
Marshall,Oklahoma,0.2446224682443473
Marshall,Penn,0.59761361553629211
Marshall,Providence,0.16751996192804197
Marshall,Purdue,0.083778784686116436
Marshall,Radford,0.80213595634617885
Marshall,Rhode Island,0.2234978876117798
Marshall,S Dakota St,0.41639892088887231
Marshall,San Diego St,0.31251506584584743
Marshall,Seton Hall,0.16623586801027368
Marshall,SF Austin,0.61880549402362561
Marshall,St Bonaventure,0.22816782394406621
Marshall,Syracuse,0.19856596783638691
Marshall,TCU,0.17204010789834479
Marshall,Tennessee,0.12718471978072432
Marshall,Texas,0.22580834089487634
Marshall,Texas A&M,0.23244256597600177
Marshall,Texas Tech,0.15053329523765602
Marshall,TX Southern,0.87046410905989768
Marshall,UCLA,0.13978079093035001
Marshall,UMBC,0.64896620191207988
Marshall,UNC Greensboro,0.46944670887873519
Marshall,Villanova,0.045719783604403541
Marshall,Virginia,0.055787616487600111
Marshall,Virginia Tech,0.13464860113121069
Marshall,West Virginia,0.079683425054388413
Marshall,Wichita St,0.10710760669781305
Marshall,Wright St,0.63394997428379196
Marshall,Xavier,0.079503449839161799
Miami FL,Michigan,0.3514604633100592
Miami FL,Michigan St,0.37198614767549887
Miami FL,Missouri,0.74011480697170984
Miami FL,Montana,0.89444851136807124
Miami FL,Murray St,0.86611137541147243
Miami FL,NC Central,0.98117333691884157
Miami FL,NC State,0.64262592049503242
Miami FL,Nevada,0.56753456565372895
Miami FL,New Mexico St,0.76855308086889096
Miami FL,North Carolina,0.40724771891911637
Miami FL,Ohio St,0.61559827073351892
Miami FL,Oklahoma,0.65382528001372675
Miami FL,Penn,0.89650028633275558
Miami FL,Providence,0.53993759082800996
Miami FL,Purdue,0.34780992756333384
Miami FL,Radford,0.95942165459433915
Miami FL,Rhode Island,0.62668015163935697
Miami FL,S Dakota St,0.80624984550661261
Miami FL,San Diego St,0.72611714791517645
Miami FL,Seton Hall,0.53764245427717283
Miami FL,SF Austin,0.90446745682282026
Miami FL,St Bonaventure,0.63290796457569776
Miami FL,Syracuse,0.59100386348584744
Miami FL,TCU,0.54789297963914851
Miami FL,Tennessee,0.45941814205227216
Miami FL,Texas,0.62977816474033632
Miami FL,Texas A&M,0.63849269566574085
Miami FL,Texas Tech,0.50824267205431606
Miami FL,TX Southern,0.97511928172235929
Miami FL,UCLA,0.48657480185703528
Miami FL,UMBC,0.91512617886871739
Miami FL,UNC Greensboro,0.83767538225835048
Miami FL,Villanova,0.21839773614558566
Miami FL,Virginia,0.25627865610529266
Miami FL,Virginia Tech,0.47575176068529357
Miami FL,West Virginia,0.3355345423906092
Miami FL,Wichita St,0.41162931490594845
Miami FL,Wright St,0.90991505343947032
Miami FL,Xavier,0.3349870351187928
Michigan,Michigan St,0.51525811154812839
Michigan,Missouri,0.8363507083865217
Michigan,Montana,0.93829882335676695
Michigan,Murray St,0.92069022343348683
Michigan,NC Central,0.98942082220914562
Michigan,NC State,0.76342267236521177
Michigan,Nevada,0.7019406573212299
Michigan,New Mexico St,0.85630284196551354
Michigan,North Carolina,0.55216006168356357
Michigan,Ohio St,0.74186094879660969
Michigan,Oklahoma,0.77217854183834733
Michigan,Penn,0.93955581086000872
Michigan,Providence,0.67805516063083637
Michigan,Purdue,0.48902104346159336
Michigan,Radford,0.97697438428119954
Michigan,Rhode Island,0.75077646649483765
Michigan,S Dakota St,0.8819035695855113
Michigan,San Diego St,0.82632004629824229
Michigan,Seton Hall,0.67603563540547684
Michigan,SF Austin,0.94441416383788501
Michigan,St Bonaventure,0.75574097128667028
Michigan,Syracuse,0.721692766000542
Michigan,TCU,0.68501550609296435
Michigan,Tennessee,0.60397888688152013
Michigan,Texas,0.75325014264592838
Michigan,Texas A&M,0.76016512223477839
Michigan,Texas Tech,0.64970225263243275
Michigan,TX Southern,0.98598100199514338
Michigan,UCLA,0.62972641381185945
Michigan,UMBC,0.9508581215491797
Michigan,UNC Greensboro,0.90254163139107157
Michigan,Villanova,0.33397276641700102
Michigan,Virginia,0.38210005043164263
Michigan,Virginia Tech,0.61956161096496842
Michigan,West Virginia,0.47539464731032721
Michigan,Wichita St,0.55663665272326068
Michigan,Wright St,0.94771553913118856
Michigan,Xavier,0.47478199166572954
Michigan St,Missouri,0.82528258152668521
Michigan St,Montana,0.93357817710710778
Michigan St,Murray St,0.91474478361334599
Michigan St,NC Central,0.98856375689458309
Michigan St,NC State,0.74890302640333328
Michigan St,Nevada,0.68520357774907814
Michigan St,New Mexico St,0.84633621001460213
Michigan St,North Carolina,0.53261254760982246
Michigan St,Ohio St,0.72649207965007911
Michigan St,Oklahoma,0.75802594877145024
Michigan St,Penn,0.93492466464594659
Michigan St,Providence,0.66062529707173323
Michigan St,Purdue,0.46936608891239995
Michigan St,Radford,0.97513431992109378
Michigan St,Rhode Island,0.73574932956502281
Michigan St,S Dakota St,0.87345015407873516
Michigan St,San Diego St,0.81472380035413194
Michigan St,Seton Hall,0.65855149439159877
Michigan St,SF Austin,0.94013153847434339
Michigan St,St Bonaventure,0.74090987251789975
Michigan St,Syracuse,0.70559964892794991
Michigan St,TCU,0.66777783870010121
Michigan St,Tennessee,0.584993193077193
Michigan St,Texas,0.73832017165765174
Michigan St,Texas A&M,0.74551219437619332
Michigan St,Texas Tech,0.63157144499003492
Michigan St,TX Southern,0.98484952904696133
Michigan St,UCLA,0.61118044594646381
Michigan St,UMBC,0.94704413382140062
Michigan St,UNC Greensboro,0.89539026833233681
Michigan St,Villanova,0.31668734333007964
Michigan St,Virginia,0.36368387170137317
Michigan St,Virginia Tech,0.60082924151511508
Michigan St,West Virginia,0.45579883600438076
Michigan St,Wichita St,0.53712073298249952
Michigan St,Wright St,0.94367209852453582
Michigan St,Xavier,0.45518952193474949
Missouri,Montana,0.74040998252735868
Missouri,Murray St,0.68526989053115417
Missouri,NC Central,0.9460668080899004
Missouri,NC State,0.37704065930013264
Missouri,Nevada,0.3063777521739135
Missouri,New Mexico St,0.52778413570451499
Missouri,North Carolina,0.18781619812283457
Missouri,Ohio St,0.35023611258211917
Missouri,Oklahoma,0.38864502049226402
Missouri,Penn,0.74460106853972674
Missouri,Providence,0.28316487828823711
Missouri,Purdue,0.15218212791202113
Missouri,Radford,0.88836897642259627
Missouri,Rhode Island,0.3610275198825047
Missouri,S Dakota St,0.58344125687081283
Missouri,San Diego St,0.47155648336240163
Missouri,Seton Hall,0.28129386119490773
Missouri,SF Austin,0.76114576985295646
Missouri,St Bonaventure,0.36721214106120703
Missouri,Syracuse,0.32721880446273488
Missouri,TCU,0.28971947368105155
Missouri,Tennessee,0.22242446606329591
Missouri,Texas,0.36409307509973254
Missouri,Texas A&M,0.37283354099888966
Missouri,Texas Tech,0.25808719036271011
Missouri,TX Southern,0.92953437176389264
Missouri,UCLA,0.24183935127885925
Missouri,UMBC,0.78397590436370945
Missouri,UNC Greensboro,0.63462836928090793
Missouri,Villanova,0.085964416876496808
Missouri,Virginia,0.10392924899345346
Missouri,Virginia Tech,0.23397921202586913
Missouri,West Virginia,0.14527318303374737
Missouri,Wichita St,0.19059604586979451
Missouri,Wright St,0.77271231137211627
Missouri,Xavier,0.14496840043987025
Montana,Murray St,0.42802727146713149
Montana,NC Central,0.85773033000758714
Montana,NC State,0.17219787313443291
Montana,Nevada,0.13180298875610508
Montana,New Mexico St,0.27752926225938057
Montana,North Carolina,0.073627041769341428
Montana,Ohio St,0.15630218184066969
Montana,Oklahoma,0.17931238747661415
Montana,Penn,0.50050503746796826
Montana,Providence,0.11953739477139225
Montana,Purdue,0.05810787731686462
Montana,Radford,0.73227317517941715
Montana,Rhode Island,0.16261358550779148
Montana,S Dakota St,0.32495658801163152
Montana,San Diego St,0.23471097291895537
Montana,Seton Hall,0.11856871716133599
Montana,SF Austin,0.5227267676295082
Montana,St Bonaventure,0.16628378551024392
Montana,Syracuse,0.14322079707652224
Montana,TCU,0.12295406231956929
Montana,Tennessee,0.089513068904364168
Montana,Texas,0.16442791445370752
Montana,Texas A&M,0.16965396976405067
Montana,Texas Tech,0.10679204950040233
Montana,TX Southern,0.81929184708527725
Montana,UCLA,0.098800559598860471
Montana,UMBC,0.55502292227576022
Montana,UNC Greensboro,0.37381680853631638
Montana,Villanova,0.031312104137941943
Montana,Virginia,0.038334710625455459
Montana,Virginia Tech,0.095006820802001624
Montana,West Virginia,0.055191797471830006
Montana,Wichita St,0.074872592847794683
Montana,Wright St,0.53884370979864915
Montana,Xavier,0.055063830010426473
Murray St,NC Central,0.88610573093157263
Murray St,NC State,0.21162974384370303
Murray St,Nevada,0.16381528664484857
Murray St,New Mexico St,0.33142429493799996
Murray St,North Carolina,0.093023513898636501
Murray St,Ohio St,0.19294247170954848
Murray St,Oklahoma,0.21994056616728097
Murray St,Penn,0.56390371608798062
Murray St,Providence,0.14908217574944882
Murray St,Purdue,0.073741392335396005
Murray St,Radford,0.77923034126761925
Murray St,Rhode Island,0.20038200011356677
Murray St,S Dakota St,0.38317699979860786
Murray St,San Diego St,0.28355438446242831
Murray St,Seton Hall,0.14791430168614428
Murray St,SF Austin,0.58563999152527901
Murray St,St Bonaventure,0.20469626085398218
Murray St,Syracuse,0.17743948191481862
Murray St,TCU,0.15319637221904392
Murray St,Tennessee,0.11258596484720151
Murray St,Texas,0.20251581170033162
Murray St,Texas A&M,0.2086501370783983
Murray St,Texas Tech,0.13366492779292871
Murray St,TX Southern,0.85402902347398479
Murray St,UCLA,0.12394152031556782
Murray St,UMBC,0.6167998072766141
Murray St,UNC Greensboro,0.43514818622789442
Murray St,Villanova,0.040042892254272489
Murray St,Virginia,0.048924722553711608
Murray St,Virginia Tech,0.11931022485048415
Murray St,West Virginia,0.070099150965944101
Murray St,Wichita St,0.094563700304155507
Murray St,Wright St,0.60125304600337226
Murray St,Xavier,0.069939177979841949
NC Central,NC State,0.032955888314984416
NC Central,Nevada,0.024267401690302948
NC Central,New Mexico St,0.059206362991659156
NC Central,North Carolina,0.012853417697461178
NC Central,Ohio St,0.029456333398005796
NC Central,Oklahoma,0.034557653921595044
NC Central,Penn,0.14101028671625515
NC Central,Providence,0.021758279156867677
NC Central,Purdue,0.010005803899954868
NC Central,Radford,0.30943591441920626
NC Central,Rhode Island,0.030832947882332262
NC Central,S Dakota St,0.073099163838133197
NC Central,San Diego St,0.047841275600498667
NC Central,Seton Hall,0.021562554912756049
NC Central,SF Austin,0.15213224479242771
NC Central,St Bonaventure,0.031641235626688857
NC Central,Syracuse,0.026655643886522085
NC Central,TCU,0.022451448705723798
NC Central,Tennessee,0.015851086654026236
NC Central,Texas,0.031231798441155978
NC Central,Texas A&M,0.032388542653058794
NC Central,Texas Tech,0.019210889282225696
NC Central,TX Southern,0.42619632698561927
NC Central,UCLA,0.017643833829863231
NC Central,UMBC,0.16967144097023723
NC Central,UNC Greensboro,0.089088023561109231
NC Central,Villanova,0.0052676886415441437
NC Central,Virginia,0.0064882377283551618
NC Central,Virginia Tech,0.016907881153569448
NC Central,West Virginia,0.009479379205823979
NC Central,Wichita St,0.013085381834757825
NC Central,Wright St,0.16066941798284107
NC Central,Xavier,0.0094563395459856814
NC State,Nevada,0.41838960598162378
NC State,New Mexico St,0.64542110238996186
NC State,North Carolina,0.27357848335299861
NC State,Ohio St,0.46747584883660109
NC State,Oklahoma,0.50867651899664623
NC State,Penn,0.82602921873893353
NC State,Providence,0.39147994713672385
NC State,Purdue,0.22620472620526832
NC State,Radford,0.92836951717355076
NC State,Rhode Island,0.47921542183421628
NC State,S Dakota St,0.69521980773342884
NC State,San Diego St,0.59238264667220464
NC State,Seton Hall,0.38928189834369697
NC State,SF Austin,0.83844351602944944
NC State,St Bonaventure,0.48588511145720326
NC State,Syracuse,0.44199480688269177
NC State,TCU,0.3991457082885238
NC State,Tennessee,0.317806144460547
NC State,Texas,0.4825266874816988
NC State,Texas A&M,0.49191095774252069
NC State,Texas Tech,0.36164919743282453
NC State,TX Southern,0.95552270475087275
NC State,UCLA,0.34188603066913859
NC State,UMBC,0.85529005272621528
NC State,UNC Greensboro,0.73882019970905999
NC State,Villanova,0.13282422017639695
NC State,Virginia,0.15887961003237483
NC State,Virginia Tech,0.33219898954538651
NC State,West Virginia,0.21679454199344073
NC State,Wichita St,0.27719446361665101
NC State,Wright St,0.84701923255331835
NC State,Xavier,0.21637769403657137
Nevada,New Mexico St,0.71106426605348871
Nevada,North Carolina,0.33738811607176544
Nevada,Ohio St,0.54272204201635921
Nevada,Oklahoma,0.5832904951123703
Nevada,Penn,0.86521874350629124
Nevada,Providence,0.46517917192068992
Nevada,Purdue,0.2832737047508469
Nevada,Radford,0.94601210699423899
Nevada,Rhode Island,0.55438404633039629
Nevada,S Dakota St,0.75514131583859911
Nevada,San Diego St,0.66271356517197
Nevada,Seton Hall,0.46288208773326045
Nevada,SF Austin,0.87525884320074165
Nevada,St Bonaventure,0.56097300235606373
Nevada,Syracuse,0.51712237566563957
Nevada,TCU,0.47316593324534628
Nevada,Tennessee,0.38644369827452396
Nevada,Texas,0.5576585362325468
Nevada,Texas A&M,0.56690323227882922
Nevada,Texas Tech,0.43373537893318903
Nevada,TX Southern,0.96671722770925783
Nevada,UCLA,0.41257895454065174
Nevada,UMBC,0.88877566981326028
Nevada,UNC Greensboro,0.79272532799509554
Nevada,Villanova,0.17155753907498639
Nevada,Virginia,0.20342860964530718
Nevada,Virginia Tech,0.40211275341389863
Nevada,West Virginia,0.27232495603327767
Nevada,Wichita St,0.3414510567539345
Nevada,Wright St,0.88215500467153718
Nevada,Xavier,0.27183839451151659
New Mexico St,North Carolina,0.16822136910800722
New Mexico St,Ohio St,0.32038039624291803
New Mexico St,Oklahoma,0.35731566228990697
New Mexico St,Penn,0.71829079472475832
New Mexico St,Providence,0.25676725068974182
New Mexico St,Purdue,0.13568391429878202
New Mexico St,Radford,0.87437032155697736
New Mexico St,Rhode Island,0.33072011470565899
New Mexico St,S Dakota St,0.55055010412530914
New Mexico St,San Diego St,0.43833559056662397
New Mexico St,Seton Hall,0.25500860682407989
New Mexico St,SF Austin,0.73593543339087997
New Mexico St,St Bonaventure,0.33665909719606657
New Mexico St,Syracuse,0.2984240333168815
New Mexico St,TCU,0.26293493382604138
New Mexico St,Tennessee,0.20010857291726869
New Mexico St,Texas,0.33366270644348095
New Mexico St,Texas A&M,0.34206561413216552
New Mexico St,Texas Tech,0.2332666354883981
New Mexico St,TX Southern,0.92023439674823537
New Mexico St,UCLA,0.21812197460473792
New Mexico St,UMBC,0.76041674138171045
New Mexico St,UNC Greensboro,0.60302895861554529
New Mexico St,Villanova,0.076001403638592424
New Mexico St,Virginia,0.092093946147418837
New Mexico St,Virginia Tech,0.21081833860005994
New Mexico St,West Virginia,0.12940964783171938
New Mexico St,Wichita St,0.17077217653242482
New Mexico St,Wright St,0.74831911335126144
New Mexico St,Xavier,0.12913311864690147
North Carolina,Ohio St,0.69671839643412925
North Carolina,Oklahoma,0.73041116929752636
North Carolina,Penn,0.92551433273711126
North Carolina,Providence,0.62735925343289622
North Carolina,Purdue,0.43343087583784412
North Carolina,Radford,0.97136045684044725
North Carolina,Rhode Island,0.70657636387063827
North Carolina,S Dakota St,0.85651450979268406
North Carolina,San Diego St,0.79180236517376024
North Carolina,Seton Hall,0.62519750177717948
North Carolina,SF Austin,0.93141892328306897
North Carolina,St Bonaventure,0.71208368048826465
North Carolina,Syracuse,0.67457041922214955
North Carolina,TCU,0.6348253486846791
North Carolina,Tennessee,0.54937056285401664
North Carolina,Texas,0.70931889264121095
North Carolina,Texas A&M,0.71700247075768342
North Carolina,Texas Tech,0.59719396252466694
North Carolina,TX Southern,0.98252371733153077
North Carolina,UCLA,0.57617710691951129
North Carolina,UMBC,0.93927252251070814
North Carolina,UNC Greensboro,0.88099072228515973
North Carolina,Villanova,0.28613809527629064
North Carolina,Virginia,0.33079580789578811
North Carolina,Virginia Tech,0.56555643275511835
North Carolina,West Virginia,0.42008003397021187
North Carolina,Wichita St,0.50089479608371579
North Carolina,Wright St,0.93543935498350583
North Carolina,Xavier,0.41948166298570988
Ohio St,Oklahoma,0.53523087740331921
Ohio St,Penn,0.84079974668313207
Ohio St,Providence,0.41711019662350823
Ohio St,Purdue,0.24537764340156232
Ohio St,Radford,0.93513343929134485
Ohio St,Rhode Island,0.50581514239777259
Ohio St,S Dakota St,0.71729537655509445
Ohio St,San Diego St,0.61781205012339346
Ohio St,Seton Hall,0.41486635140838002
Ohio St,SF Austin,0.85234844252442699
Ohio St,St Bonaventure,0.51249072791910666
Ohio St,Syracuse,0.46838666035116461
Ohio St,TCU,0.42492737631559208
Ohio St,Tennessee,0.34131842000484691
Ohio St,Texas,0.50913052105121714
Ohio St,Texas A&M,0.5185137510281993
Ohio St,Texas Tech,0.38656709676964773
Ohio St,TX Southern,0.95983353998031407
Ohio St,UCLA,0.3662234419912922
Ohio St,UMBC,0.86797334221155586
Ohio St,UNC Greensboro,0.75883323975920514
Ohio St,Villanova,0.14557127835705663
Ohio St,Virginia,0.17362653208311674
Ohio St,Virginia Tech,0.35622007304445646
Ohio St,West Virginia,0.23541251447647982
Ohio St,Wichita St,0.29901912799020602
Ohio St,Wright St,0.8603090327201548
Ohio St,Xavier,0.2349706081592321
Oklahoma,Penn,0.81100865926876919
Oklahoma,Providence,0.36766181371673679
Oklahoma,Purdue,0.20898869024684175
Oklahoma,Radford,0.92134358747196532
Oklahoma,Rhode Island,0.4540422090316425
Oklahoma,S Dakota St,0.67337111165745578
Oklahoma,San Diego St,0.56774548583746498
Oklahoma,Seton Hall,0.36551716871197437
Oklahoma,SF Austin,0.82426677226339617
Oklahoma,St Bonaventure,0.46067145739767557
Oklahoma,Syracuse,0.41721044630857829
Oklahoma,TCU,0.37514870955923485
Oklahoma,Tennessee,0.29628793758787653
Oklahoma,Texas,0.45733228174373119
Oklahoma,Texas A&M,0.46666844584952338
Oklahoma,Texas Tech,0.33863600620082568
Oklahoma,TX Southern,0.95101959905933975
Oklahoma,UCLA,0.31950100281861704
Oklahoma,UMBC,0.84231358489568475
Oklahoma,UNC Greensboro,0.71883300250712501
Oklahoma,Villanova,0.12159837105867666
Oklahoma,Virginia,0.14582194973941509
Oklahoma,Virginia Tech,0.31014931411853019
Oklahoma,West Virginia,0.20010948538355411
Oklahoma,Wichita St,0.2573885450360589
Oklahoma,Wright St,0.83344552898607183
Oklahoma,Xavier,0.19971653830855796
Penn,Providence,0.11809089493296265
Penn,Purdue,0.057356300532469873
Penn,Radford,0.72955585075609286
Penn,Rhode Island,0.16074099156627175
Penn,S Dakota St,0.32193323694513432
Penn,San Diego St,0.2322383917246309
Penn,Seton Hall,0.11713237970239643
Penn,SF Austin,0.5192788350912414
Penn,St Bonaventure,0.16437722344146577
Penn,Syracuse,0.14153377768417164
Penn,TCU,0.12147192205770763
Penn,Tennessee,0.088393412732872267
Penn,Texas,0.16253848280983751
Penn,Texas A&M,0.16771653955536148
Penn,Texas Tech,0.10548130174983761
Penn,TX Southern,0.81723729580672333
Penn,UCLA,0.097577182775367532
Penn,UMBC,0.55160816854180383
Penn,UNC Greensboro,0.37058843095141369
Penn,Villanova,0.030895739792904164
Penn,Virginia,0.037828611712853677
Penn,Virginia Tech,0.093825528468558739
Penn,West Virginia,0.054475756317993285
Penn,Wichita St,0.073921196250596899
Penn,Wright St,0.53540872640130188
Penn,Xavier,0.054349353564215219
Providence,Purdue,0.3175495508900984
Providence,Radford,0.95376675163663149
Providence,Rhode Island,0.59426487125806982
Providence,S Dakota St,0.7840537523829324
Providence,San Diego St,0.69817759868397622
Providence,Seton Hall,0.50361971216041757
Providence,SF Austin,0.89201621320399438
Providence,St Bonaventure,0.60068887996146736
Providence,Syracuse,0.5576772795317797
Providence,TCU,0.51394260907694278
Providence,Tennessee,0.42578693599284589
Providence,Texas,0.59745909517992346
Providence,Texas A&M,0.60645899158943584
Providence,Texas Tech,0.47417238876613965
Providence,TX Southern,0.9715871789458167
Providence,UCLA,0.45262011910644395
Providence,UMBC,0.90391656269149867
Providence,UNC Greensboro,0.81826792843484164
Providence,Villanova,0.19601266009121343
Providence,Virginia,0.23115920836801085
Providence,Virginia Tech,0.44190229043848406
Providence,West Virginia,0.30584132744724613
Providence,Wichita St,0.37904349055212228
Providence,Wright St,0.89809382583942221
Providence,Xavier,0.30532000850732011
Purdue,Radford,0.97715564591479775
Purdue,Rhode Island,0.75228690637513096
Purdue,S Dakota St,0.88274342040770937
Purdue,San Diego St,0.82747785541938979
Purdue,Seton Hall,0.67780465515025856
Purdue,SF Austin,0.94483727263199513
Purdue,St Bonaventure,0.75723105247749178
Purdue,Syracuse,0.72331451098939037
Purdue,TCU,0.68675821129396941
Purdue,Tennessee,0.60591200677629997
Purdue,Texas,0.75475048788466315
Purdue,Texas A&M,0.76163672674378602
Purdue,Texas Tech,0.65154094872071799
Purdue,TX Southern,0.98609237128864458
Purdue,UCLA,0.63161050957006171
Purdue,UMBC,0.9512347128948978
Purdue,UNC Greensboro,0.90325081451254019
Purdue,Villanova,0.33577441665179364
Purdue,Virginia,0.38401163463990329
Purdue,Virginia Tech,0.62146633839367271
Purdue,West Virginia,0.47741235039978636
Purdue,Wichita St,0.55863199075976389
Purdue,Wright St,0.94811489907003432
Purdue,Xavier,0.47679945779895205
Radford,Rhode Island,0.06612801787651279
Radford,S Dakota St,0.14932266991001042
Radford,San Diego St,0.10058542863014341
Radford,Seton Hall,0.046757604672730047
Radford,SF Austin,0.28539246264042417
Radford,St Bonaventure,0.067796842627594889
Radford,Syracuse,0.057452341532109874
Radford,TCU,0.048633512185398575
Radford,Tennessee,0.034608551464343829
Radford,Texas,0.066951899505841905
Radford,Texas A&M,0.069336934313081522
Radford,Texas Tech,0.041775426243022107
Radford,TX Southern,0.62309811646293745
Radford,UCLA,0.038439893201718145
Radford,UMBC,0.31263022140804675
Radford,UNC Greensboro,0.17876825225770554
Radford,Villanova,0.011649482092514818
Radford,Virginia,0.01432742572110246
Radford,Virginia Tech,0.036869059455369779
Radford,West Virginia,0.020856643090633842
Radford,Wichita St,0.028665362998953281
Radford,Wright St,0.29877261739859007
Radford,Xavier,0.020806531814765217
Rhode Island,S Dakota St,0.71937854382003508
Rhode Island,San Diego St,0.62024017284386534
Rhode Island,Seton Hall,0.41736789377072769
Rhode Island,SF Austin,0.85363950211176454
Rhode Island,St Bonaventure,0.51506276238330551
Rhode Island,Syracuse,0.47095117690903177
Rhode Island,TCU,0.42744526750106449
Rhode Island,Tennessee,0.34363693068476386
Rhode Island,Texas,0.51170339243502405
Rhode Island,Texas A&M,0.5210837037303333
Rhode Island,Texas Tech,0.3890114456765027
Rhode Island,TX Southern,0.96022860806731758
Rhode Island,UCLA,0.36861645267666421
Rhode Island,UMBC,0.86914875250976042
Rhode Island,UNC Greensboro,0.76071243418330137
Rhode Island,Villanova,0.14685657384076112
Rhode Island,Virginia,0.17510877032570027
Rhode Island,Virginia Tech,0.35858470165171852
Rhode Island,West Virginia,0.23727076889379117
Rhode Island,Wichita St,0.30118168957216718
Rhode Island,Wright St,0.86154179240994111
Rhode Island,Xavier,0.23682645480115105
S Dakota St,San Diego St,0.37439802875871397
S Dakota St,Seton Hall,0.20791316661633386
S Dakota St,SF Austin,0.68123943876057158
S Dakota St,St Bonaventure,0.28015491042582841
S Dakota St,Syracuse,0.24595769752527152
S Dakota St,TCU,0.21479770572878543
S Dakota St,Tennessee,0.16096154565711518
S Dakota St,Texas,0.27745107989057372
S Dakota St,Texas A&M,0.28504393502296221
S Dakota St,Texas Tech,0.18916697109711234
S Dakota St,TX Southern,0.89844462988938467
S Dakota St,UCLA,0.17622737906308483
S Dakota St,UMBC,0.70878501938072858
S Dakota St,UNC Greensboro,0.53808278933629494
S Dakota St,Villanova,0.059332424021434127
S Dakota St,Virginia,0.072171155084844951
S Dakota St,Virginia Tech,0.17002150529587823
S Dakota St,West Virginia,0.10232411125728613
S Dakota St,Wichita St,0.13638565967546779
S Dakota St,Wright St,0.69512554826307915
S Dakota St,Xavier,0.10209867221114921
San Diego St,Seton Hall,0.29930007703955541
San Diego St,SF Austin,0.77667451129001353
San Diego St,St Bonaventure,0.38775095111550328
San Diego St,Syracuse,0.34674646206956039
San Diego St,TCU,0.3080338718310659
San Diego St,Tennessee,0.23790974709182255
San Diego St,Texas,0.38456345159128735
San Diego St,Texas A&M,0.39349125085646774
San Diego St,Texas Tech,0.27517666623286019
San Diego St,TX Southern,0.93504976295956133
San Diego St,UCLA,0.2582274235352181
San Diego St,UMBC,0.79841348178739391
San Diego St,UNC Greensboro,0.65465041933461576
San Diego St,Villanova,0.093086624929361594
San Diego St,Virginia,0.11235689529394199
San Diego St,Virginia Tech,0.25001028927768409
San Diego St,West Virginia,0.1564680036922903
San Diego St,Wichita St,0.20444804831675389
San Diego St,Wright St,0.78769881675684772
San Diego St,Xavier,0.15614402502498581
Seton Hall,SF Austin,0.8887248841171822
Seton Hall,St Bonaventure,0.5925736809045179
Seton Hall,Syracuse,0.54934375243682587
Seton Hall,TCU,0.50551571325558697
Seton Hall,Tennessee,0.41756372848083934
Seton Hall,Texas,0.58932313299298866
Seton Hall,Texas A&M,0.59838265510635624
Seton Hall,Texas Tech,0.46577270690167427
Seton Hall,TX Southern,0.97064133703716571
Seton Hall,UCLA,0.44427964646036477
Seton Hall,UMBC,0.90094767673825182
Seton Hall,UNC Greensboro,0.81319949100716504
Seton Hall,Villanova,0.19075290191119965
Seton Hall,Virginia,0.22522052996888153
Seton Hall,Virginia Tech,0.43360286931879866
Seton Hall,West Virginia,0.29872948290110046
Seton Hall,Wichita St,0.37113954697347584
Seton Hall,Wright St,0.89496592905552819
Seton Hall,Xavier,0.29821507851490225
SF Austin,St Bonaventure,0.15566464122161705
SF Austin,Syracuse,0.13383805391995718
SF Austin,TCU,0.11472126245958203
SF Austin,Tennessee,0.083306735108192531
SF Austin,Texas,0.1539054102343107
SF Austin,Texas A&M,0.15886061034316157
SF Austin,Texas Tech,0.099518635755946439
SF Austin,TX Southern,0.80735408030183553
SF Austin,UCLA,0.092015361249412231
SF Austin,UMBC,0.53552455149640865
SF Austin,UNC Greensboro,0.35559712035517133
SF Austin,Villanova,0.029012513521305294
SF Austin,Virginia,0.035538294357708167
SF Austin,Virginia Tech,0.088456587257689678
SF Austin,West Virginia,0.051231210356329937
SF Austin,Wichita St,0.069603747299802898
SF Austin,Wright St,0.51925046651091178
SF Austin,Xavier,0.051111929116002375
St Bonaventure,Syracuse,0.45534131242677456
St Bonaventure,TCU,0.41215402148525782
St Bonaventure,Tennessee,0.32961779892986964
St Bonaventure,Texas,0.49600917230466357
St Bonaventure,Texas A&M,0.50539956047999579
St Bonaventure,Texas Tech,0.3741965309257208
St Bonaventure,TX Southern,0.95776033069942423
St Bonaventure,UCLA,0.35412806903381744
St Bonaventure,UMBC,0.86184120835318412
St Bonaventure,UNC Greensboro,0.74909728795489716
St Bonaventure,Villanova,0.13916326808579893
St Bonaventure,Virginia,0.16622379541623589
St Bonaventure,Virginia Tech,0.34427561536969797
St Bonaventure,West Virginia,0.2260962195719235
St Bonaventure,Wichita St,0.28813424448165281
St Bonaventure,Wright St,0.85388084813909959
St Bonaventure,Xavier,0.22566663980884949
Syracuse,TCU,0.45367375973756974
Syracuse,Tennessee,0.36802840989602359
Syracuse,Texas,0.538241730963823
Syracuse,Texas A&M,0.5475629953137412
Syracuse,Texas Tech,0.41458928184100119
Syracuse,TX Southern,0.96410034360452512
Syracuse,UCLA,0.39371742550991196
Syracuse,UMBC,0.88078628936273717
Syracuse,UNC Greensboro,0.77954786572754042
Syracuse,Villanova,0.160700243927546
Syracuse,Virginia,0.1910193780800602
Syracuse,Virginia Tech,0.38341739236455841
Syracuse,West Virginia,0.25706931440873892
Syracuse,Wichita St,0.3240474438479255
Syracuse,Wright St,0.87375760411125747
Syracuse,Xavier,0.25660039834948523
TCU,Tennessee,0.40884041122236525
TCU,Texas,0.58058843172291441
TCU,Texas A&M,0.5897064900346729
TCU,Texas Tech,0.45683219848607515
TCU,TX Southern,0.96959852110954692
TCU,UCLA,0.43541544592440551
TCU,UMBC,0.89769028022385156
TCU,UNC Greensboro,0.80767244904200319
TCU,Villanova,0.18526073199985893
TCU,Virginia,0.21900453505290318
TCU,Virginia Tech,0.42478885808504729
TCU,West Virginia,0.29124732340782056
TCU,Wichita St,0.36278198820842522
TCU,Wright St,0.89153550129576031
TCU,Xavier,0.29074046147987309
Tennessee,Texas,0.6654319196854146
Tennessee,Texas A&M,0.67374197980280881
Tennessee,Texas Tech,0.54718526359325281
Tennessee,TX Southern,0.97864320883336986
Tennessee,UCLA,0.52563175786127703
Tennessee,UMBC,0.92650669432880428
Tennessee,UNC Greensboro,0.85782765576059195
Tennessee,Villanova,0.24625297674403757
Tennessee,Virginia,0.28719010278282164
Tennessee,Virginia Tech,0.51481106168160307
Tennessee,West Virginia,0.37123383196482507
Tennessee,Wichita St,0.4499424423395082
Tennessee,Wright St,0.92193470857049153
Tennessee,Xavier,0.37066056748174869
Texas,Texas A&M,0.50150866669823202
Texas,Texas Tech,0.37055895792911642
Texas,TX Southern,0.9571261600613763
Texas,UCLA,0.35057629447768901
Texas,UMBC,0.85997748245312078
Texas,UNC Greensboro,0.74616062491241697
Texas,Villanova,0.13730915289345746
Texas,Virginia,0.16407786357634124
Texas,Virginia Tech,0.34077052042648548
Texas,West Virginia,0.2233844280526347
Texas,Wichita St,0.28495234271326586
Texas,Wright St,0.85192818842815932
Texas,Xavier,0.22295851628086738
Texas A&M,Texas Tech,0.36483093561450386
Texas A&M,TX Southern,0.95610367879792035
Texas A&M,UCLA,0.34498786286581518
Texas A&M,UMBC,0.85698433060457746
Texas A&M,UNC Greensboro,0.74146592137965284
Texas A&M,Villanova,0.13441669927233846
Texas A&M,Virginia,0.16072657744007057
Texas A&M,Virginia Tech,0.33525770596738358
Texas A&M,West Virginia,0.21913936178840832
Texas A&M,Wichita St,0.27995904479792644
Texas A&M,Wright St,0.84879322642150368
Texas A&M,Xavier,0.21871926433241762
Texas Tech,TX Southern,0.97419133019034099
Texas Tech,UCLA,0.47719505255661299
Texas Tech,UMBC,0.91216227590200671
Texas Tech,UNC Greensboro,0.83250184344354849
Texas Tech,Villanova,0.21205250659471531
Texas Tech,Virginia,0.24918372729441507
Texas Tech,Virginia Tech,0.46639112427417184
Texas Tech,West Virginia,0.3272108088438499
Texas Tech,Wichita St,0.40256152580052729
Texas Tech,Wright St,0.9067877071844096
Texas Tech,Xavier,0.32667020638558275
TX Southern,UCLA,0.022564888974761499
TX Southern,UMBC,0.20801589436897538
TX Southern,UNC Greensboro,0.11167045842759704
TX Southern,Villanova,0.0067606595567096806
TX Southern,Virginia,0.0083242424253601177
TX Southern,Virginia Tech,0.021628190426486227
TX Southern,West Virginia,0.012151447794571557
TX Southern,Wichita St,0.016756722822660386
TX Southern,Wright St,0.19746328769935884
TX Southern,Xavier,0.012121993143289655
UCLA,UMBC,0.917305693687264
UCLA,UNC Greensboro,0.84149931404912559
UCLA,Villanova,0.22328329239452205
UCLA,Virginia,0.26172784876314525
UCLA,Virginia Tech,0.48283791040606616
UCLA,West Virginia,0.34189423565261379
UCLA,Wichita St,0.41852285308888815
UCLA,Wright St,0.91221555047760994
UCLA,Xavier,0.34134168193827863
UMBC,UNC Greensboro,0.31150159514918985
UMBC,Villanova,0.023912073525362953
UMBC,Virginia,0.029325261454532514
UMBC,Virginia Tech,0.073698989678603666
UMBC,West Virginia,0.042395239830287701
UMBC,Wichita St,0.057792038344622321
UMBC,Wright St,0.4696516311603367
UMBC,Xavier,0.042295614192228825
UNC Greensboro,Villanova,0.049543863826120971
UNC Greensboro,Virginia,0.060400487795753022
UNC Greensboro,Virginia Tech,0.14478232954348891
UNC Greensboro,West Virginia,0.086091996394577652
UNC Greensboro,Wichita St,0.11544510682920617
UNC Greensboro,Wright St,0.65329232246353031
UNC Greensboro,Xavier,0.085898897603551405
Villanova,Virginia,0.53968373810954229
Villanova,Virginia Tech,0.75535903425062223
Villanova,West Virginia,0.6320944560323607
Villanova,Wichita St,0.70417037717704845
Villanova,Wright St,0.97172428407609934
Villanova,Xavier,0.63152295771107192
Virginia,Virginia Tech,0.72657072316833093
Virginia,West Virginia,0.5965484226620632
Virginia,Wichita St,0.6719742664758781
Virginia,Wright St,0.96729451136322075
Virginia,Xavier,0.59595700290458198
Virginia Tech,West Virginia,0.3493309446926709
Virginia Tech,Wichita St,0.42654603420860382
Virginia Tech,Wright St,0.91481330493931856
Virginia Tech,Xavier,0.34877274168527461
West Virginia,Wichita St,0.57698285252495007
West Virginia,Wright St,0.95167303993489527
West Virginia,Xavier,0.49547989014200999
Wichita St,Wright St,0.93315232252348546
Wichita St,Xavier,0.41043655201052476
Wright St,Xavier,0.047630749453920096
